fallID,s0,s1,s2,s3,s4,s5,s6,s7,s8,s9,s10,s11,s12,s13,s14,s15,s16,s17,s18,s19,s20,s21,s22,s23,s24,s25,s26,s27,s28,s29,s30,s31,s32,s33,s34,s35,class
0,0,0,0,0,0,0,0,0,0,0,0,0,0,0,0,0,0,0,0,0,0,0,0,0,0,0,0,0,0,0,0,0,0,0,0,0,1
0,0,0,0,0,0,0,0,0,0,0,0,0,0,0,0,0,0,0,0,0,0,0,0,0,0,0,0,0,0,0,0,0,0,0,0,0,1
0,0,0,0,0,0,0,0,0,0,0,0,0,0,0,0,0,0,0,0,0,0,0,0,0,0,0,0,0,0,0,0,0,0,0,0,0,1
0,0,0,0,0,0,0,0,0,0,0,0,0,21474,0,0,0,0,0,2118,0,0,0,0,0,0,0,0,0,0,0,0,0,0,0,0,0,1
0,0,0,0,0,0,0,0,0,0,0,0,0,21474,0,0,0,0,0,2118,0,0,0,0,0,0,0,0,0,0,0,0,0,0,0,0,0,1
0,0,0,0,0,0,0,0,0,0,0,0,0,21474,0,0,0,0,0,2118,0,0,0,0,0,0,0,0,0,0,0,0,0,0,0,0,0,1
0,0,0,0,0,0,0,0,0,0,0,0,0,21474,0,0,0,0,0,2118,0,0,0,0,0,0,0,0,0,0,0,0,0,0,0,0,0,1
0,0,0,0,0,0,0,0,0,0,0,0,0,21474,0,0,0,0,0,2118,0,0,0,0,0,0,0,0,0,0,0,0,0,0,0,0,0,1
0,0,0,0,0,0,0,0,0,0,0,0,0,21474,0,0,0,0,0,2118,0,0,0,0,0,0,0,0,0,0,0,0,0,0,0,0,0,1
0,0,0,0,0,0,0,0,0,0,0,0,0,21474,0,0,0,0,0,2118,0,0,0,0,0,0,0,0,0,0,0,0,0,0,0,0,0,1
0,0,0,0,0,0,0,0,0,0,0,0,0,21474,0,0,0,0,0,2118,0,0,0,0,0,0,0,0,0,0,0,0,0,0,0,0,0,1
0,0,0,0,0,0,0,0,0,0,0,0,0,21474,0,0,0,0,0,2118,0,0,0,0,0,0,0,0,0,0,0,0,0,0,0,0,0,1
0,0,0,0,0,0,0,0,0,0,0,0,0,21474,0,0,0,0,0,2118,0,0,0,0,0,0,0,0,0,0,0,0,0,0,0,0,0,1
0,0,0,0,0,0,0,0,0,0,0,0,0,21474,0,0,0,0,0,2118,0,0,0,0,0,0,0,0,0,0,0,0,0,0,0,0,0,1
0,0,0,0,0,0,0,0,0,0,0,0,0,21474,0,0,0,0,0,2118,0,0,0,0,0,0,0,0,0,0,0,0,0,0,0,0,0,1
0,0,0,0,0,0,0,0,0,0,0,0,0,21474,0,0,0,0,0,2118,0,0,0,0,0,0,0,0,0,0,0,0,0,0,0,0,0,1
0,0,0,0,0,0,0,0,0,0,0,0,0,21474,0,0,0,0,0,2118,0,0,0,0,0,0,0,0,0,0,0,0,0,0,0,0,0,1
0,0,0,0,0,0,0,0,0,0,0,0,0,21474,0,0,0,0,0,2118,0,0,0,0,0,0,0,0,0,0,0,0,0,0,0,0,0,1
0,0,0,0,0,0,0,0,0,0,0,0,0,21474,0,0,0,0,0,2118,0,0,0,0,0,0,0,0,0,0,0,0,0,0,0,0,0,1
0,0,0,0,0,0,0,0,0,0,0,0,0,21474,0,0,0,0,0,2118,0,0,0,0,0,0,0,0,0,0,0,0,0,0,0,0,0,1
0,0,0,0,0,0,0,0,0,0,0,0,0,0,0,0,0,0,0,810,0,0,0,0,0,0,0,0,0,0,0,0,0,0,0,0,0,1
0,0,0,0,0,0,0,0,0,0,0,0,0,0,0,0,0,0,0,810,0,0,0,0,0,0,0,0,0,0,0,0,0,0,0,0,0,1
0,0,0,0,0,0,0,0,0,0,0,0,0,0,0,0,0,0,0,810,0,0,0,0,0,0,0,0,0,0,0,0,0,0,0,0,0,1
0,0,0,0,0,0,0,0,0,0,0,0,0,0,0,0,0,0,0,810,0,0,0,0,0,0,0,0,0,0,0,0,0,0,0,0,0,1
0,0,0,0,0,0,0,0,0,0,0,0,0,0,0,0,0,0,0,810,0,0,0,0,0,0,0,0,0,0,0,0,0,0,0,0,0,1
0,0,0,0,0,0,0,0,0,0,0,0,0,0,0,0,0,0,0,810,0,0,0,0,0,0,0,0,0,0,0,0,0,0,0,0,0,1
0,0,0,0,0,0,0,0,0,0,0,0,0,0,24237,0,0,0,0,810,0,0,0,0,0,0,0,0,0,0,0,0,0,0,0,0,0,1
0,0,0,0,0,0,0,0,0,0,0,0,0,0,24237,0,0,0,0,810,0,0,0,0,0,0,0,0,0,0,0,0,0,0,0,0,0,1
0,0,0,0,0,0,0,0,0,0,0,0,0,0,24237,0,0,0,0,810,0,0,0,0,0,0,0,0,0,0,0,0,0,0,0,0,0,1
0,0,0,0,0,0,0,0,0,0,0,0,0,0,18784,0,0,0,0,810,0,0,0,0,0,0,0,0,0,0,0,0,0,0,0,0,0,1
0,0,0,0,0,0,0,0,0,0,0,0,0,0,18784,0,0,0,0,810,0,0,0,0,0,0,0,0,0,0,0,0,0,0,0,0,0,1
0,0,0,0,0,0,0,0,0,0,0,0,0,0,18784,0,0,0,0,6973,17354,19097,24851,0,0,0,0,0,0,0,0,0,0,0,0,0,0,1
0,0,0,0,0,0,0,0,0,0,0,0,0,0,18784,0,0,0,4471,6973,17354,19097,24851,0,0,0,0,0,0,0,0,0,0,0,0,0,0,1
0,0,0,0,0,0,0,0,0,0,0,0,0,0,18784,0,0,0,13385,6973,17354,19097,24851,0,0,0,0,0,0,0,0,0,0,0,0,0,0,1
0,0,0,0,0,0,0,0,0,0,0,0,0,0,18784,0,0,0,13385,6973,17354,19097,24851,60347,0,0,0,0,0,0,0,0,0,0,0,0,0,1
0,0,0,0,0,0,0,0,0,0,0,0,0,0,0,0,0,0,13385,6973,17354,19097,24851,60347,13269,0,0,0,0,0,0,0,0,0,0,0,0,1
0,0,0,0,0,0,0,0,0,0,0,0,0,0,0,0,0,0,13385,6973,17354,19097,24851,60347,13269,0,0,0,0,0,0,0,0,0,0,0,0,1
0,0,0,0,0,0,0,0,0,0,0,0,0,0,0,0,0,0,13385,6973,17354,19097,24851,60347,13269,0,0,0,0,0,0,0,0,0,0,0,0,1
0,0,0,0,0,0,0,0,0,0,0,0,0,5966,0,0,0,0,13385,6973,17354,19097,24851,60347,13269,0,0,0,0,0,0,0,0,0,0,0,0,1
0,0,0,0,0,0,0,0,0,0,0,0,0,5966,0,0,0,0,13385,0,17354,19097,24851,60347,13269,0,0,0,0,0,0,0,0,0,0,0,0,1
0,0,0,0,0,0,0,0,0,0,0,0,5358,5966,0,0,0,0,13385,0,17354,19097,24851,60347,13269,0,0,0,0,0,0,0,0,0,0,0,0,1
0,0,0,0,0,0,0,0,0,0,0,0,5358,5966,0,0,0,0,13385,0,17354,19097,24851,60347,13269,0,0,0,0,0,0,0,0,0,0,0,0,1
0,0,0,0,0,0,0,0,0,0,0,0,5358,0,0,0,0,0,13385,0,17354,19097,24851,60347,13269,0,0,0,0,0,0,0,0,0,0,0,0,1
0,0,0,0,0,0,0,0,0,0,0,0,5358,0,0,0,0,0,13385,0,17354,19097,24851,60347,13269,0,0,0,0,0,0,0,0,0,0,0,0,1
0,0,0,0,0,0,0,0,0,0,0,0,5358,0,0,0,0,0,13385,0,17354,19097,24851,60347,0,0,0,0,0,0,0,0,0,0,0,0,0,1
0,0,0,0,0,0,0,0,0,0,0,0,5358,0,0,0,0,0,13385,0,17354,19097,24851,60347,0,0,0,0,0,0,0,0,0,0,0,0,0,1
0,0,0,0,0,0,0,0,0,0,0,0,0,0,0,0,0,0,0,0,17354,19097,0,60347,0,0,0,0,0,0,0,0,0,0,0,0,0,1
0,0,0,0,0,0,0,0,0,0,0,0,0,0,0,0,0,0,0,0,17354,19097,0,60347,0,0,0,0,0,0,0,0,0,0,0,0,0,1
0,0,0,0,0,0,0,0,0,0,0,0,0,0,0,0,0,4228,0,0,17354,19097,0,60347,0,0,0,0,0,0,0,0,0,0,0,0,0,1
0,0,0,0,0,0,0,0,0,0,0,0,0,0,0,0,0,4228,0,0,17354,19097,0,60347,0,0,0,0,0,0,0,0,0,0,0,0,0,1
0,0,0,0,0,0,0,0,0,0,0,0,0,0,0,0,0,4228,0,0,17354,19097,0,60347,0,0,0,0,0,0,0,0,0,0,0,0,0,1
0,0,0,0,0,0,0,0,0,0,0,0,0,0,0,0,0,4228,0,0,17354,19097,0,60347,0,0,0,0,0,0,0,0,0,0,0,0,0,1
0,0,0,0,0,0,0,0,0,0,0,0,0,0,0,0,0,4228,0,0,17354,19097,0,60347,0,0,0,0,0,0,0,0,0,0,0,0,0,1
0,0,0,0,0,0,0,0,0,0,0,0,0,0,0,0,0,4228,0,0,17354,19097,0,60347,0,0,0,0,0,0,0,0,0,0,0,0,0,1
0,0,0,0,0,0,0,0,0,0,0,0,0,0,0,0,0,4228,0,0,17354,19097,0,60347,0,0,0,0,0,0,0,0,0,0,0,0,0,1
0,0,0,0,0,0,0,0,0,0,0,0,0,0,0,0,0,4228,0,0,17354,19097,0,60347,0,0,0,0,0,0,0,0,0,0,0,0,0,1
0,0,0,0,0,0,0,0,0,0,0,0,0,0,0,0,0,4228,0,0,17354,19097,0,60347,0,0,0,0,0,0,0,0,0,0,0,0,0,1
0,0,0,0,0,0,0,0,0,0,0,0,0,0,0,0,0,4228,0,0,17354,19097,0,60347,0,0,0,0,0,0,0,0,0,0,0,0,0,1
0,0,0,0,0,0,0,0,0,0,0,0,0,0,0,0,0,4228,0,0,17354,19097,0,60347,0,0,0,0,0,0,0,0,0,0,0,0,0,1
0,0,0,0,0,0,0,0,0,0,0,0,0,0,0,0,0,4228,0,0,17354,19097,0,60347,0,0,0,0,0,0,0,0,0,0,0,0,0,1
0,0,0,0,0,0,0,0,0,0,0,0,0,0,0,0,0,4228,0,0,17354,19097,0,60347,0,0,0,0,0,0,0,0,0,0,0,0,0,1
0,0,0,0,0,0,0,0,0,0,0,0,0,0,0,0,0,4228,0,0,17354,19097,0,60347,0,0,0,0,0,0,0,0,0,0,0,0,0,1
0,0,0,0,0,0,0,0,0,0,0,0,0,0,0,0,0,4228,0,0,17354,19097,0,60347,0,0,0,0,0,0,0,0,0,0,0,0,0,1
0,0,0,0,0,0,0,0,0,0,0,0,0,0,0,0,0,4228,0,0,17354,19097,0,60347,0,0,0,0,0,0,0,0,0,0,0,0,0,1
0,0,0,0,0,0,0,0,0,0,0,0,0,0,0,0,0,4228,0,0,17354,19097,0,60347,0,0,0,0,0,0,0,0,0,0,0,0,0,1
0,0,0,0,0,0,0,0,0,0,0,0,0,0,0,0,0,4228,0,0,17354,19097,0,60347,0,0,0,0,0,0,0,0,0,0,0,0,0,1
0,0,0,0,0,0,0,0,0,0,0,0,0,0,0,0,0,4228,0,0,17354,19097,0,60347,0,0,0,0,0,0,0,0,0,0,0,0,0,1
0,0,0,0,0,0,0,0,0,0,0,0,0,0,0,0,0,4228,0,0,17354,19097,0,60347,0,0,0,0,0,0,0,0,0,0,0,0,0,1
0,0,0,0,0,0,0,0,0,0,0,0,0,0,0,0,0,4228,0,0,17354,19097,0,60347,0,0,0,0,0,0,0,0,0,0,0,0,0,1
0,0,0,0,0,0,0,0,0,0,0,0,0,0,0,0,0,4228,0,0,17354,19097,0,60347,0,0,0,0,0,0,0,0,0,0,0,0,0,1
0,0,0,0,0,0,0,0,0,0,0,0,0,0,0,0,0,4228,0,0,17354,19097,0,60347,0,0,0,0,0,0,0,0,0,0,0,0,0,1
0,0,0,0,0,0,0,0,0,0,0,0,0,0,0,0,0,4228,0,0,17354,19097,0,60347,0,0,0,0,0,0,0,0,0,0,0,0,0,1
0,0,0,0,0,0,0,0,0,0,0,0,0,0,0,0,0,4228,0,0,17354,19097,0,60347,0,0,0,0,0,0,0,0,0,0,0,0,0,1
0,0,0,0,0,0,0,0,0,0,0,0,0,0,0,0,0,4228,0,0,17354,19097,0,60347,0,0,0,0,0,0,0,0,0,0,0,0,0,1
0,0,0,0,0,0,0,0,0,0,0,0,0,0,0,0,0,4228,0,0,17354,19097,0,60347,0,0,0,0,0,0,0,0,0,0,0,0,0,1
0,0,0,0,0,0,0,0,0,0,0,0,0,0,0,0,0,4228,0,0,17354,19097,0,60347,0,0,0,0,0,0,0,0,0,0,0,0,0,1
0,0,0,0,0,0,0,0,0,0,0,0,0,0,0,0,0,4228,0,0,17354,19097,0,60347,0,0,0,0,0,0,0,0,0,0,0,0,0,1
0,0,0,0,0,0,0,0,0,0,0,0,0,0,0,0,0,4228,0,0,17354,19097,0,60347,0,0,0,0,0,0,0,0,0,0,0,0,0,1
0,0,0,0,0,0,0,0,0,0,0,0,0,0,0,0,0,4228,0,0,17354,19097,0,60347,0,0,0,0,0,0,0,0,0,0,0,0,0,1
0,0,0,0,0,0,0,0,0,0,0,0,0,0,0,0,0,4228,0,0,17354,19097,0,60347,0,0,0,0,0,0,0,0,0,0,0,0,0,1
0,0,0,0,0,0,0,0,0,0,0,0,0,0,0,0,0,4228,0,0,17354,19097,0,60347,0,0,0,0,0,0,0,0,0,0,0,0,0,1
0,0,0,0,0,0,0,0,0,0,0,0,0,0,0,0,0,4228,0,0,17354,19097,0,60347,0,0,0,0,0,0,0,0,0,0,0,0,0,1
0,0,0,0,0,0,0,0,0,0,0,0,0,0,0,0,0,4228,0,0,17354,19097,0,60347,0,0,0,0,0,0,0,0,0,0,0,0,0,1
0,0,0,0,0,0,0,0,0,0,0,0,0,0,0,0,0,4228,0,0,17354,19097,0,60347,0,0,0,0,0,0,0,0,0,0,0,0,0,1
0,0,0,0,0,0,0,0,0,0,0,0,0,0,0,0,0,4228,0,0,17354,19097,0,60347,0,0,0,0,0,0,0,0,0,0,0,0,0,1
0,0,0,0,0,0,0,0,0,0,0,0,0,0,0,0,0,4228,0,0,17354,19097,0,60347,0,0,0,0,0,0,0,0,0,0,0,0,0,1
0,0,0,0,0,0,0,0,0,0,0,0,0,0,0,0,0,4228,0,0,17354,19097,0,60347,0,0,0,0,0,0,0,0,0,0,0,0,0,1
0,0,0,0,0,0,0,0,0,0,0,0,0,0,0,0,0,4228,0,0,17354,19097,0,60347,0,0,0,0,0,0,0,0,0,0,0,0,0,1
0,0,0,0,0,0,0,0,0,0,0,0,0,0,0,0,0,4228,0,0,17354,19097,0,60347,0,0,0,0,0,0,0,0,0,0,0,0,0,1
0,0,0,0,0,0,0,0,0,0,0,0,0,0,0,0,0,4228,0,0,17354,19097,0,60347,0,0,0,0,0,0,0,0,0,0,0,0,0,1
0,0,0,0,0,0,0,0,0,0,0,0,0,0,0,0,0,4228,0,0,17354,19097,0,60347,0,0,0,0,0,0,0,0,0,0,0,0,0,1
0,0,0,0,0,0,0,0,0,0,0,0,0,0,0,0,0,4228,0,0,17354,19097,0,60347,0,0,0,0,0,0,0,0,0,0,0,0,0,1
0,0,0,0,0,0,0,0,0,0,0,0,0,0,0,0,0,4228,0,0,17354,19097,0,60347,0,0,0,0,0,0,0,0,0,0,0,0,0,1
0,0,0,0,0,0,0,0,0,0,0,0,0,0,0,0,0,4228,0,0,17354,19097,0,60347,0,0,0,0,0,0,0,0,0,0,0,0,0,1
0,0,0,0,0,0,0,0,0,0,0,0,0,0,0,0,0,4228,0,0,17354,19097,0,60347,0,0,0,0,0,0,0,0,0,0,0,0,0,1
0,0,0,0,0,0,0,0,0,0,0,0,0,0,0,0,0,4228,0,0,17354,19097,0,60347,0,0,0,0,0,0,0,0,0,0,0,0,0,1
0,0,0,0,0,0,0,0,0,0,0,0,0,0,0,0,0,4228,0,0,17354,19097,0,60347,0,0,0,0,0,0,0,0,0,0,0,0,0,1
0,0,0,0,0,0,0,0,0,0,0,0,0,0,0,0,0,4228,0,0,17354,19097,0,60347,0,0,0,0,0,0,0,0,0,0,0,0,0,1
0,0,0,0,0,0,0,0,0,0,0,0,0,0,0,0,0,4228,0,0,17354,19097,0,60347,0,0,0,0,0,0,0,0,0,0,0,0,0,1
0,0,0,0,0,0,0,0,0,0,0,0,0,0,0,0,0,4228,0,0,17354,19097,0,60347,0,0,0,0,0,0,0,0,0,0,0,0,0,1
0,0,0,0,0,0,0,0,0,0,0,0,0,0,0,0,0,4228,0,0,17354,19097,0,60347,0,0,0,0,0,0,0,0,0,0,0,0,0,1
0,0,0,0,0,0,0,0,0,0,0,0,0,0,0,0,0,4228,0,0,17354,19097,0,60347,0,0,0,0,0,0,0,0,0,0,0,0,0,1
0,0,0,0,0,0,0,0,0,0,0,0,0,0,0,0,0,4228,0,0,17354,19097,0,60347,0,0,0,0,0,0,0,0,0,0,0,0,0,1
0,0,0,0,0,0,0,0,0,0,0,0,0,0,0,0,0,4228,0,0,17354,19097,0,60347,0,0,0,0,0,0,0,0,0,0,0,0,0,1
0,0,0,0,0,0,0,0,0,0,0,0,0,0,0,0,0,4228,0,0,17354,19097,0,60347,0,0,0,0,0,0,0,0,0,0,0,0,0,1
0,0,0,0,0,0,0,0,0,0,0,0,0,0,0,0,0,4228,0,0,17354,19097,0,60347,0,0,0,0,0,0,0,0,0,0,0,0,0,1
0,0,0,0,0,0,0,0,0,0,0,0,0,0,0,0,0,4228,0,0,17354,19097,0,60347,0,0,0,0,0,0,0,0,0,0,0,0,0,1
0,0,0,0,0,0,0,0,0,0,0,0,0,0,0,0,0,4228,0,0,17354,19097,0,60347,0,0,0,0,0,0,0,0,0,0,0,0,0,1
0,0,0,0,0,0,0,0,0,0,0,0,0,0,0,0,0,4228,0,0,17354,19097,0,60347,0,0,0,0,0,0,0,0,0,0,0,0,0,1
0,0,0,0,0,0,0,0,0,0,0,0,0,0,0,0,0,4228,0,0,17354,19097,0,60347,0,0,0,0,0,0,0,0,0,0,0,0,0,1
0,0,0,0,0,0,0,0,0,0,0,0,0,0,0,0,0,4228,0,0,17354,19097,0,60347,0,0,0,0,0,0,0,0,0,0,0,0,0,1
0,0,0,0,0,0,0,0,0,0,0,0,0,0,0,0,0,4228,0,0,17354,19097,0,60347,0,0,0,0,0,0,0,0,0,0,0,0,0,1
0,0,0,0,0,0,0,0,0,0,0,0,0,0,0,0,0,4228,0,0,17354,19097,0,60347,0,0,0,0,0,0,0,0,0,0,0,0,0,1
0,0,0,0,0,0,0,0,0,0,0,0,0,0,0,0,0,4228,0,0,17354,19097,0,60347,0,0,0,0,0,0,0,0,0,0,0,0,0,1
0,0,0,0,0,0,0,0,0,0,0,0,0,0,0,0,0,4228,0,0,17354,19097,0,60347,0,0,0,0,0,0,0,0,0,0,0,0,0,1
0,0,0,0,0,0,0,0,0,0,0,0,0,0,0,0,0,4228,0,0,17354,19097,0,60347,0,0,0,0,0,0,0,0,0,0,0,0,0,1
0,0,0,0,0,0,0,0,0,0,0,0,0,0,0,0,0,4228,0,0,17354,19097,0,60347,0,0,0,0,0,0,0,0,0,0,0,0,0,1
0,0,0,0,0,0,0,0,0,0,0,0,0,0,0,0,0,4228,0,0,17354,19097,0,60347,0,0,0,0,0,0,0,0,0,0,0,0,0,1
0,0,0,0,0,0,0,0,0,0,0,0,0,0,0,0,0,4228,0,0,17354,19097,0,60347,0,0,0,0,0,0,0,0,0,0,0,0,0,1
0,0,0,0,0,0,0,0,0,0,0,0,0,0,0,0,0,4228,0,0,17354,19097,0,60347,0,0,0,0,0,0,0,0,0,0,0,0,0,1
0,0,0,0,0,0,0,0,0,0,0,0,0,0,0,0,0,4228,0,0,17354,19097,0,60347,0,0,0,0,0,0,0,0,0,0,0,0,0,1
0,0,0,0,0,0,0,0,0,0,0,0,0,0,0,0,0,4228,0,0,17354,19097,0,60347,0,0,0,0,0,0,0,0,0,0,0,0,0,1
0,0,0,0,0,0,0,0,0,0,0,0,0,0,0,0,0,4228,0,0,17354,19097,0,60347,0,0,0,0,0,0,0,0,0,0,0,0,0,1
0,0,0,0,0,0,0,0,0,0,0,0,0,0,0,0,0,4228,0,0,17354,19097,0,60347,0,0,0,0,0,0,0,0,0,0,0,0,0,1
0,0,0,0,0,0,0,0,0,0,0,0,0,0,0,0,0,4228,0,0,17354,19097,0,60347,0,0,0,0,0,0,0,0,0,0,0,0,0,1
0,0,0,0,0,0,0,0,0,0,0,0,0,0,0,0,0,4228,0,0,17354,19097,0,60347,0,0,0,0,0,0,0,0,0,0,0,0,0,1
0,0,0,0,0,0,0,0,0,0,0,0,0,0,0,0,0,4228,0,0,17354,19097,0,60347,0,0,0,0,0,0,0,0,0,0,0,0,0,1
0,0,0,0,0,0,0,0,0,0,0,0,0,0,0,0,0,4228,0,0,17354,19097,0,60347,0,0,0,0,0,0,0,0,0,0,0,0,0,1
0,0,0,0,0,0,0,0,0,0,0,0,0,0,0,0,0,4228,0,0,17354,19097,0,60347,0,0,0,0,0,0,0,0,0,0,0,0,0,1
0,0,0,0,0,0,0,0,0,0,0,0,0,0,0,0,0,4228,0,0,17354,19097,0,60347,0,0,0,0,0,0,0,0,0,0,0,0,0,1
0,0,0,0,0,0,0,0,0,0,0,0,0,0,0,0,0,4228,0,0,17354,19097,0,60347,0,0,0,0,0,0,0,0,0,0,0,0,0,1
0,0,0,0,0,0,0,0,0,0,0,0,0,0,0,0,0,4228,0,0,17354,19097,0,60347,0,0,0,0,0,0,0,0,0,0,0,0,0,1
0,0,0,0,0,0,0,0,0,0,0,0,0,0,0,0,0,4228,0,0,17354,19097,0,60347,0,0,0,0,0,0,0,0,0,0,0,0,0,1
0,0,0,0,0,0,0,0,0,0,0,0,0,0,0,0,0,4228,0,0,17354,19097,0,60347,0,0,0,0,0,0,0,0,0,0,0,0,0,1
0,0,0,0,0,0,0,0,0,0,0,0,0,0,0,0,0,4228,0,0,17354,19097,0,60347,0,0,0,0,0,0,0,0,0,0,0,0,0,1
0,0,0,0,0,0,0,0,0,0,0,0,0,0,0,0,0,4228,0,0,17354,19097,0,60347,0,0,0,0,0,0,0,0,0,0,0,0,0,1
0,0,0,0,0,0,0,0,0,0,0,0,0,0,0,0,0,4228,0,0,17354,19097,0,60347,0,0,0,0,0,0,0,0,0,0,0,0,0,1
0,0,0,0,0,0,0,0,0,0,0,0,0,0,0,0,0,4228,0,0,17354,19097,0,60347,0,0,0,0,0,0,0,0,0,0,0,0,0,1
0,0,0,0,0,0,0,0,0,0,0,0,0,0,0,0,0,4228,0,0,17354,19097,0,60347,0,0,0,0,0,0,0,0,0,0,0,0,0,1
0,0,0,0,0,0,0,0,0,0,0,0,0,0,0,0,0,4228,0,0,17354,19097,0,60347,0,0,0,0,0,0,0,0,0,0,0,0,0,1
0,0,0,0,0,0,0,0,0,0,0,0,0,0,0,0,0,4228,0,0,17354,19097,0,60347,0,0,0,0,0,0,0,0,0,0,0,0,0,1
0,0,0,0,0,0,0,0,0,0,0,0,0,0,0,0,0,4228,0,0,17354,19097,0,60347,0,0,0,0,0,0,0,0,0,0,0,0,0,1
0,0,0,0,0,0,0,0,0,0,0,0,0,0,0,0,0,4228,0,0,17354,19097,0,60347,0,0,0,0,0,0,0,0,0,0,0,0,0,1
0,0,0,0,0,0,0,0,0,0,0,0,0,0,0,0,0,4228,0,0,17354,19097,0,60347,0,0,0,0,0,0,0,0,0,0,0,0,0,1
0,0,0,0,0,0,0,0,0,0,0,0,0,0,0,0,0,4228,0,0,17354,19097,0,60347,0,0,0,0,0,0,0,0,0,0,0,0,0,1
0,0,0,0,0,0,0,0,0,0,0,0,0,0,0,0,0,4228,0,0,17354,19097,0,60347,0,0,0,0,0,0,0,0,0,0,0,0,0,1
0,0,0,0,0,0,0,0,0,0,0,0,0,0,0,0,0,4228,0,0,17354,19097,0,60347,0,0,0,0,0,0,0,0,0,0,0,0,0,1
0,0,0,0,0,0,0,0,0,0,0,0,0,0,0,0,0,4228,0,0,17354,19097,0,60347,0,0,0,0,0,0,0,0,0,0,0,0,0,1
0,0,0,0,0,0,0,0,0,0,0,0,0,0,0,0,0,4228,0,0,17354,19097,0,60347,0,0,0,0,0,0,0,0,0,0,0,0,0,1
0,0,0,0,0,0,0,0,0,0,0,0,0,0,0,0,0,4228,0,0,17354,19097,0,60347,0,0,0,0,0,0,0,0,0,0,0,0,0,1
0,0,0,0,0,0,0,0,0,0,0,0,0,0,0,0,0,4228,0,0,17354,19097,0,60347,0,0,0,0,0,0,0,0,0,0,0,0,0,1
0,0,0,0,0,0,0,0,0,0,0,0,0,0,0,0,0,4228,0,0,17354,19097,0,60347,0,0,0,0,0,0,0,0,0,0,0,0,0,1
0,0,0,0,0,0,0,0,0,0,0,0,0,0,0,0,0,4228,0,0,17354,19097,0,60347,0,0,0,0,0,0,0,0,0,0,0,0,0,1
0,0,0,0,0,0,0,0,0,0,0,0,0,0,0,0,0,4228,0,0,17354,19097,0,60347,0,0,0,0,0,0,0,0,0,0,0,0,0,1
0,0,0,0,0,0,0,0,0,0,0,0,0,0,0,0,0,4228,0,0,17354,19097,0,60347,0,0,0,0,0,0,0,0,0,0,0,0,0,1
0,0,0,0,0,0,0,0,0,0,0,0,0,0,0,0,0,4228,0,0,17354,19097,0,60347,0,0,0,0,0,0,0,0,0,0,0,0,0,1
0,0,0,0,0,0,0,0,0,0,0,0,0,0,0,0,0,4228,0,0,17354,19097,0,60347,0,0,0,0,0,0,0,0,0,0,0,0,0,1
0,0,0,0,0,0,0,0,0,0,0,0,0,0,0,0,0,4228,0,0,17354,19097,0,60347,0,0,0,0,0,0,0,0,0,0,0,0,0,1
0,0,0,0,0,0,0,0,0,0,0,0,0,0,0,0,0,4228,0,0,17354,19097,0,60347,0,0,0,0,0,0,0,0,0,0,0,0,0,1
0,0,0,0,0,0,0,0,0,0,0,0,0,0,0,0,0,4228,0,0,17354,19097,0,60347,0,0,0,0,0,0,0,0,0,0,0,0,0,1
0,0,0,0,0,0,0,0,0,0,0,0,0,0,0,0,0,4228,0,0,17354,19097,0,60347,0,0,0,0,0,0,0,0,0,0,0,0,0,1
0,0,0,0,0,0,0,0,0,0,0,0,0,0,0,0,0,4228,0,0,17354,19097,0,60347,0,0,0,0,0,0,0,0,0,0,0,0,0,1
0,0,0,0,0,0,0,0,0,0,0,0,0,0,0,0,0,4228,0,0,17354,19097,0,60347,0,0,0,0,0,0,0,0,0,0,0,0,0,1
0,0,0,0,0,0,0,0,0,0,0,0,0,0,0,0,0,4228,0,0,17354,19097,0,60347,0,0,0,0,0,0,0,0,0,0,0,0,0,1
0,0,0,0,0,0,0,0,0,0,0,0,0,0,0,0,0,4228,0,0,17354,19097,0,60347,0,0,0,0,0,0,0,0,0,0,0,0,0,1
0,0,0,0,0,0,0,0,0,0,0,0,0,0,0,0,0,4228,0,0,17354,19097,0,60347,0,0,0,0,0,0,0,0,0,0,0,0,0,1
0,0,0,0,0,0,0,0,0,0,0,0,0,0,0,0,0,4228,0,0,17354,19097,0,60347,0,0,0,0,0,0,0,0,0,0,0,0,0,1
0,0,0,0,0,0,0,0,0,0,0,0,0,0,0,0,0,4228,0,0,17354,19097,0,60347,0,0,0,0,0,0,0,0,0,0,0,0,0,1
0,0,0,0,0,0,0,0,0,0,0,0,0,0,0,0,0,4228,0,0,17354,19097,0,60347,0,0,0,0,0,0,0,0,0,0,0,0,0,1
0,0,0,0,0,0,0,0,0,0,0,0,0,0,0,0,0,4228,0,0,17354,19097,0,60347,0,0,0,0,0,0,0,0,0,0,0,0,0,1
0,0,0,0,0,0,0,0,0,0,0,0,0,0,0,0,0,4228,0,0,17354,19097,0,60347,0,0,0,0,0,0,0,0,0,0,0,0,0,1
0,0,0,0,0,0,0,0,0,0,0,0,0,0,0,0,0,4228,0,0,17354,19097,0,60347,0,0,0,0,0,0,0,0,0,0,0,0,0,1
0,0,0,0,0,0,0,0,0,0,0,0,0,0,0,0,0,4228,0,0,17354,19097,0,60347,0,0,0,0,0,0,0,0,0,0,0,0,0,1
0,0,0,0,0,0,0,0,0,0,0,0,0,0,0,0,0,4228,0,0,17354,19097,0,60347,0,0,0,0,0,0,0,0,0,0,0,0,0,1
0,0,0,0,0,0,0,0,0,0,0,0,0,0,0,0,0,4228,0,0,17354,19097,0,60347,0,0,0,0,0,0,0,0,0,0,0,0,0,1
0,0,0,0,0,0,0,0,0,0,0,0,0,0,0,0,0,4228,0,0,17354,19097,0,60347,0,0,0,0,0,0,0,0,0,0,0,0,0,1
0,0,0,0,0,0,0,0,0,0,0,0,0,0,0,0,0,4228,0,0,17354,19097,0,60347,0,0,0,0,0,0,0,0,0,0,0,0,0,1
0,0,0,0,0,0,0,0,0,0,0,0,0,0,0,0,0,4228,0,0,17354,19097,0,60347,0,0,0,0,0,0,0,0,0,0,0,0,0,1
0,0,0,0,0,0,0,0,0,0,0,0,0,0,0,0,0,4228,0,0,17354,19097,0,60347,0,0,0,0,0,0,0,0,0,0,0,0,0,1
0,0,0,0,0,0,0,0,0,0,0,0,0,0,0,0,0,4228,0,0,17354,19097,0,60347,0,0,0,0,0,0,0,0,0,0,0,0,0,1
0,0,0,0,0,0,0,0,0,0,0,0,0,0,0,0,0,4228,0,0,17354,19097,0,60347,0,0,0,0,0,0,0,0,0,0,0,0,0,1
0,0,0,0,0,0,0,0,0,0,0,0,0,0,0,0,0,4228,0,0,17354,19097,0,60347,0,0,0,0,0,0,0,0,0,0,0,0,0,1
0,0,0,0,0,0,0,0,0,0,0,0,0,0,0,0,0,4228,0,0,17354,19097,0,60347,0,0,0,0,0,0,0,0,0,0,0,0,0,1
0,0,0,0,0,0,0,0,0,0,0,0,0,0,0,0,0,4228,0,0,17354,19097,0,60347,0,0,0,0,0,0,0,0,0,0,0,0,0,1
0,0,0,0,0,0,0,0,0,0,0,0,0,0,0,0,0,4228,0,0,17354,19097,0,60347,0,0,0,0,0,0,0,0,0,0,0,0,0,1
0,0,0,0,0,0,0,0,0,0,0,0,0,0,0,0,0,4228,0,0,17354,19097,0,60347,0,0,0,0,0,0,0,0,0,0,0,0,0,1
0,0,0,0,0,0,0,0,0,0,0,0,0,0,0,0,0,4228,0,0,17354,19097,0,60347,0,0,0,0,0,0,0,0,0,0,0,0,0,1
0,0,0,0,0,0,0,0,0,0,0,0,0,0,0,0,0,4228,0,0,17354,19097,0,60347,0,0,0,0,0,0,0,0,0,0,0,0,0,1
0,0,0,0,0,0,0,0,0,0,0,0,0,0,0,0,0,4228,0,0,17354,19097,0,60347,0,0,0,0,0,0,0,0,0,0,0,0,0,1
0,0,0,0,0,0,0,0,0,0,0,0,0,0,0,0,0,4228,0,0,17354,19097,0,60347,0,0,0,0,0,0,0,0,0,0,0,0,0,1
0,0,0,0,0,0,0,0,0,0,0,0,0,0,0,0,0,4228,0,0,17354,19097,0,60347,0,0,0,0,0,0,0,0,0,0,0,0,0,1
0,0,0,0,0,0,0,0,0,0,0,0,0,0,0,0,0,4228,0,0,17354,19097,0,60347,0,0,0,0,0,0,0,0,0,0,0,0,0,1
0,0,0,0,0,0,0,0,0,0,0,0,0,0,0,0,0,4228,0,0,17354,19097,0,60347,0,0,0,0,0,0,0,0,0,0,0,0,0,1
0,0,0,0,0,0,0,0,0,0,0,0,0,0,0,0,0,4228,0,0,17354,19097,0,60347,0,0,0,0,0,0,0,0,0,0,0,0,0,1
0,0,0,0,0,0,0,0,0,0,0,0,0,0,0,0,0,4228,0,0,17354,19097,0,60347,0,0,0,0,0,0,0,0,0,0,0,0,0,1
0,0,0,0,0,0,0,0,0,0,0,0,0,0,0,0,0,4228,0,0,17354,19097,0,60347,0,0,0,0,0,0,0,0,0,0,0,0,0,1
0,0,0,0,0,0,0,0,0,0,0,0,0,0,0,0,0,4228,0,0,17354,19097,0,60347,0,0,0,0,0,0,0,0,0,0,0,0,0,1
0,0,0,0,0,0,0,0,0,0,0,0,0,0,0,0,0,4228,0,0,17354,19097,0,60347,0,0,0,0,0,0,0,0,0,0,0,0,0,1
0,0,0,0,0,0,0,0,0,0,0,0,0,0,0,0,0,4228,0,0,17354,19097,0,60347,0,0,0,0,0,0,0,0,0,0,0,0,0,1
0,0,0,0,0,0,0,0,0,0,0,0,0,0,0,0,0,4228,0,0,17354,19097,0,60347,0,0,0,0,0,0,0,0,0,0,0,0,0,1
0,0,0,0,0,0,0,0,0,0,0,0,0,0,0,0,0,4228,0,0,17354,19097,0,60347,0,0,0,0,0,0,0,0,0,0,0,0,0,1
1,0,0,0,0,0,0,0,0,0,0,0,0,0,0,0,0,4228,0,0,17354,19097,0,60347,0,0,0,0,0,0,0,0,0,0,0,0,0,1
1,0,0,0,0,0,0,0,0,0,0,0,0,0,0,0,0,4228,0,0,17354,19097,0,60347,0,0,0,0,0,0,0,0,0,0,0,0,0,1
1,0,0,0,0,0,0,0,0,0,0,0,0,0,0,0,0,4228,0,0,17354,19097,0,60347,0,0,0,0,0,0,0,0,0,0,0,0,0,1
1,0,0,0,0,0,0,0,0,0,0,0,0,0,0,0,0,4228,0,0,17354,19097,0,60347,0,0,0,0,0,0,0,0,0,0,0,0,0,1
1,0,0,0,0,0,0,0,0,0,0,0,0,0,0,0,0,4228,0,0,17354,19097,0,60347,0,0,0,0,0,0,0,0,0,0,0,0,0,1
1,0,0,0,0,0,0,0,0,0,0,0,0,0,0,0,0,4228,0,0,17354,19097,0,60347,0,0,0,0,0,0,0,0,0,0,0,0,0,1
1,0,0,0,0,0,0,0,0,0,0,0,0,0,0,0,0,4228,0,0,17354,19097,0,60347,0,0,0,0,0,0,0,0,0,0,0,0,0,1
1,0,0,0,0,0,0,0,0,0,0,0,0,0,0,0,0,4228,0,0,17354,19097,0,60347,0,0,0,0,0,0,0,0,0,0,0,0,0,1
1,0,0,0,0,0,0,0,0,0,0,0,0,0,0,0,0,4228,0,0,17354,19097,0,60347,0,0,0,0,0,0,0,0,0,0,0,0,0,1
1,0,0,0,0,0,0,0,0,0,0,0,0,0,0,0,0,4228,0,0,1554,19097,0,60347,0,0,6340,0,0,0,0,0,0,0,0,0,0,1
1,0,0,0,0,0,0,0,0,0,0,0,0,0,0,0,0,4228,0,0,1554,1010,0,60347,0,0,6340,6623,0,0,0,0,0,0,0,0,0,1
1,0,0,0,0,0,0,0,0,0,0,0,0,0,0,0,0,4228,0,0,1554,1010,0,60347,0,0,6340,6623,0,0,0,0,0,0,0,0,0,1
1,0,0,0,0,0,0,0,0,0,0,0,0,0,0,0,0,4228,0,0,8801,1010,0,60347,0,0,22663,6623,0,0,0,0,0,0,0,0,0,1
1,0,0,0,0,0,0,0,0,0,0,0,0,0,0,0,0,4228,0,0,8801,1010,0,60347,0,0,22663,6623,0,0,0,0,0,0,0,0,0,1
1,0,0,0,0,0,0,0,0,0,0,0,0,0,0,0,0,4228,0,0,8801,0,0,60347,0,0,22663,0,0,0,0,0,0,0,0,0,0,1
1,0,0,0,0,0,0,0,0,0,0,0,0,0,0,0,0,4228,0,0,8801,0,0,60347,0,0,22663,0,0,0,0,0,0,0,0,0,0,1
1,0,0,0,0,0,0,0,0,0,0,0,0,0,0,0,0,4228,0,0,8801,0,0,60347,0,0,22663,0,0,0,0,0,0,0,0,0,0,1
1,0,0,0,0,0,0,0,0,0,0,0,0,0,0,0,0,4228,0,0,8801,0,29400,60347,0,0,22663,0,4002,0,0,0,0,0,0,0,0,1
1,0,0,0,0,0,0,0,0,0,0,0,0,0,0,0,0,4228,0,0,8801,0,29400,60347,0,0,22663,0,4002,0,0,0,0,0,0,0,0,1
1,0,0,0,0,0,0,0,0,0,0,0,0,0,0,0,0,4228,0,0,8801,0,29400,60347,0,0,22663,0,4002,0,0,0,0,0,0,0,0,1
1,0,0,0,0,0,0,0,0,0,0,0,0,0,0,0,0,4228,0,0,8801,0,0,60347,0,0,22663,0,0,0,0,0,0,0,0,0,0,1
1,0,0,0,0,0,0,0,0,0,0,0,0,0,0,0,0,4228,0,0,8801,0,0,60347,0,0,22663,0,0,0,0,0,0,0,0,0,0,1
1,0,0,0,0,0,0,0,0,0,0,0,0,0,0,0,0,4228,0,0,8801,0,0,0,0,0,22663,0,0,0,0,0,0,0,0,0,0,1
1,0,0,0,0,0,0,0,0,0,0,0,0,0,0,0,0,4228,0,0,8801,0,0,0,0,0,22663,0,0,0,0,0,0,0,0,0,0,1
1,0,0,0,0,0,0,0,0,0,0,0,0,0,0,0,0,4228,0,0,8801,0,0,0,0,0,22663,0,0,0,0,0,0,0,0,0,0,1
1,0,0,0,0,0,0,0,0,0,0,0,0,0,0,0,0,4228,0,0,8801,0,0,0,0,0,22663,0,0,0,0,0,0,0,0,0,0,1
1,0,0,0,0,0,0,0,0,0,0,0,0,0,0,0,0,4228,0,0,8801,0,0,0,0,0,22663,0,0,0,0,0,0,0,0,0,0,1
1,0,0,0,0,0,0,0,0,0,0,0,0,0,0,0,0,4228,0,0,8801,0,0,0,0,0,22663,0,0,0,0,0,0,0,0,0,0,1
1,0,0,0,0,0,0,0,0,0,0,0,0,0,0,0,0,4228,0,0,8801,0,0,0,0,0,22663,0,0,0,0,0,0,0,0,0,0,1
1,0,0,0,0,0,0,0,0,0,0,0,0,0,0,0,0,4228,0,0,8801,0,0,0,0,25967,22663,0,8047,0,0,0,0,0,0,0,0,1
1,0,0,0,0,0,0,0,0,0,0,0,0,0,0,0,0,4228,0,0,8801,0,62161,0,0,25967,22663,0,9309,0,0,0,0,0,0,0,0,1
1,0,0,0,0,0,0,0,0,0,0,0,0,0,0,0,0,4228,0,0,8801,0,62161,0,0,25967,22663,0,9309,0,0,0,0,0,0,0,0,1
1,0,0,0,0,0,0,0,0,0,0,0,0,0,0,0,0,4228,0,0,8801,0,62161,0,0,25967,22663,0,9309,0,0,0,0,0,0,0,0,1
1,0,0,0,0,0,0,0,0,0,0,0,0,0,0,0,0,4228,0,0,8801,0,62161,0,0,25967,22663,0,9309,0,0,0,0,0,0,0,0,1
1,0,0,0,0,0,0,0,0,0,0,0,0,0,0,0,0,4228,0,0,8801,0,62161,0,0,25967,22663,0,9309,0,0,0,0,0,0,0,0,1
1,0,0,0,0,0,0,0,0,0,0,0,0,0,0,0,0,4228,0,0,8801,0,62161,0,0,25967,22663,0,9309,0,0,0,0,0,0,0,0,1
1,0,0,0,0,0,0,0,0,0,0,0,0,0,0,0,0,4228,0,0,8801,0,62161,0,0,25967,22663,0,9309,0,0,0,0,0,0,0,0,1
1,0,0,0,0,0,0,0,0,0,0,0,0,0,0,0,0,4228,0,0,8801,0,62161,0,0,25967,22663,0,9309,0,0,0,0,0,0,0,0,1
1,0,0,0,0,0,0,0,0,0,0,0,0,0,0,0,0,4228,0,0,8801,0,62161,0,0,25967,22663,0,9309,0,0,0,0,0,0,0,0,1
1,0,0,0,0,0,0,0,0,0,0,0,0,0,0,0,0,4228,0,0,8801,0,62161,0,0,25967,22663,0,9309,0,0,0,0,0,0,0,0,1
1,0,0,0,0,0,0,0,0,0,0,0,0,0,0,0,0,4228,0,0,8801,0,62161,0,0,25967,22663,0,9309,0,0,0,0,0,0,0,0,1
1,0,0,0,0,0,0,0,0,0,0,0,0,0,41,0,0,4228,0,0,8801,0,62161,0,0,25967,22663,0,9309,0,0,0,0,0,0,0,0,1
1,0,0,0,0,0,0,0,0,0,0,0,0,0,41,0,0,4228,0,0,8801,0,62161,0,0,25967,22663,0,9309,0,0,0,0,0,0,0,0,1
1,0,0,0,0,0,0,0,0,0,0,0,0,0,41,0,0,4228,0,0,8801,0,62161,0,0,25967,22663,0,0,0,0,0,0,0,0,0,0,1
1,0,0,0,0,0,0,0,0,0,0,0,0,0,41,0,0,4228,0,0,8801,0,62161,0,0,25967,22663,0,0,0,0,0,0,0,0,0,0,1
1,0,0,0,0,0,0,0,0,0,0,0,0,0,41,0,0,4228,0,0,10482,0,62161,0,0,25967,22663,0,0,0,0,0,0,0,0,0,0,1
1,0,0,0,0,0,0,0,0,0,0,0,0,0,21577,0,0,4228,0,17782,10482,0,0,0,0,25967,22663,0,0,0,0,0,0,0,0,0,0,1
1,0,0,0,0,0,0,49300,0,0,0,0,0,10212,21577,0,0,4228,0,25950,10482,0,0,0,0,25967,22663,0,0,0,0,0,0,0,0,0,0,1
1,0,0,0,0,0,0,49300,0,0,0,0,0,10212,21577,0,0,4228,0,25950,10482,0,0,0,0,25967,22663,0,0,0,0,0,0,0,0,0,0,1
1,0,0,0,0,0,0,41101,0,0,0,0,0,10212,21577,0,0,4228,0,25950,10482,0,0,0,0,25967,22663,0,0,0,0,0,0,0,0,0,0,1
1,0,0,0,0,0,0,65537,0,0,0,0,0,0,21577,0,0,4228,0,25950,10482,0,0,0,0,25967,22663,0,0,0,0,0,0,0,0,0,0,1
1,0,0,0,0,0,0,65537,0,0,0,0,0,0,21577,0,0,4228,0,25950,10482,0,0,0,0,25967,22663,0,0,0,0,0,0,0,0,0,0,1
1,0,0,0,0,0,0,65537,0,0,0,0,0,0,21577,0,0,4228,0,25950,10482,0,0,0,0,25967,22663,0,0,0,0,0,0,0,0,0,0,1
1,2642,0,0,0,0,0,65537,0,0,0,0,0,0,21577,0,0,4228,0,25950,10482,0,0,0,0,25967,22663,0,0,0,0,0,0,0,0,0,0,1
1,2642,0,0,0,0,0,65537,0,0,0,0,0,0,21577,0,0,4228,0,25950,10482,0,0,0,0,25967,22663,0,0,0,0,0,0,0,0,0,0,1
1,2642,0,0,0,0,0,65537,0,0,0,0,0,0,0,0,0,4228,0,25950,10482,0,0,0,0,25967,22663,0,0,0,0,0,0,0,0,0,0,1
1,2642,0,0,0,0,0,65537,0,0,0,0,0,0,0,0,0,4228,0,25950,10482,0,0,0,0,25967,22663,0,0,0,0,0,0,0,0,0,0,1
1,2642,0,0,0,0,0,65537,0,0,0,0,0,0,0,0,0,4228,0,25950,10482,0,0,0,0,25967,22663,0,0,0,0,0,0,0,0,0,0,1
1,2642,0,0,0,0,0,65537,0,0,0,0,0,0,0,0,0,4228,0,25950,10482,0,0,0,0,25967,22663,0,0,0,0,0,0,0,0,0,0,1
1,2642,0,0,0,0,0,65537,0,0,0,0,0,0,0,0,0,4228,0,25950,10482,0,0,0,0,25967,22663,0,0,0,0,0,0,0,0,0,0,1
1,2642,0,0,0,0,0,65537,0,0,0,0,0,0,0,0,0,4228,0,25950,10482,0,0,0,0,25967,22663,0,0,0,0,0,0,0,0,0,0,1
1,2642,0,0,0,0,0,65537,0,0,0,0,0,0,0,0,0,4228,0,25950,10482,0,0,0,0,25967,22663,0,0,0,0,0,0,0,0,0,0,1
1,2642,0,0,0,0,0,65537,0,0,0,0,0,0,0,0,0,4228,0,25950,10482,0,0,0,0,25967,22663,0,0,0,0,0,0,0,0,0,0,1
1,2642,0,0,0,0,0,65537,0,0,0,0,0,0,0,0,0,4228,0,25950,10482,0,0,0,0,25967,22663,0,0,0,0,0,0,0,0,0,0,1
1,2642,0,0,0,0,0,65537,0,0,0,0,0,0,0,0,0,4228,0,25950,10482,0,0,0,0,25967,22663,0,0,0,0,0,0,0,0,0,0,1
1,2642,0,0,0,0,0,65537,0,0,0,0,0,0,0,0,0,4228,0,25950,10482,0,0,0,0,25967,22663,0,0,0,0,0,0,0,0,0,0,1
1,2642,0,0,0,0,0,65537,0,0,0,0,0,0,0,0,0,4228,0,25950,10482,0,0,0,0,25967,22663,0,0,0,0,0,0,0,0,0,0,1
1,2642,0,0,0,0,0,65537,0,0,0,0,0,0,0,0,0,4228,0,25950,10482,0,0,0,0,25967,22663,0,0,0,0,0,0,0,0,0,0,1
1,2642,0,0,0,0,0,65537,0,0,0,0,0,0,0,0,0,4228,0,25950,10482,0,0,0,0,25967,22663,0,0,0,0,0,0,0,0,0,0,1
1,2642,0,0,0,0,0,65537,0,0,0,0,0,0,0,0,0,4228,0,25950,10482,0,0,0,0,25967,22663,0,0,0,0,0,0,0,0,0,0,1
1,2642,0,0,0,0,0,65537,0,0,0,0,0,0,0,0,0,4228,0,25950,10482,0,0,0,0,25967,22663,0,0,0,0,0,0,0,0,0,0,1
1,2642,0,0,0,0,0,65537,0,0,0,0,0,0,0,0,0,4228,0,25950,10482,0,0,0,0,25967,22663,0,0,0,0,0,0,0,0,0,0,1
1,2642,0,0,0,0,0,65537,0,0,0,0,0,0,0,0,0,4228,0,25950,10482,0,0,0,0,25967,22663,0,0,0,0,0,0,0,0,0,0,1
1,2642,0,0,0,0,0,65537,0,0,0,0,0,0,0,0,0,4228,0,25950,10482,0,0,0,0,25967,22663,0,0,0,0,0,0,0,0,0,0,1
1,2642,0,0,0,0,0,65537,0,0,0,0,0,0,0,0,0,4228,0,25950,10482,0,0,0,0,25967,22663,0,0,0,0,0,0,0,0,0,0,1
1,2642,0,0,0,0,0,65537,0,0,0,0,0,0,0,0,0,4228,0,25950,10482,0,0,0,0,25967,22663,0,0,0,0,0,0,0,0,0,0,1
1,2642,0,0,0,0,0,65537,0,0,0,0,0,0,0,0,0,4228,0,25950,10482,0,0,0,0,25967,22663,0,0,0,0,0,0,0,0,0,0,1
1,2642,0,0,0,0,0,65537,0,0,0,0,0,0,0,0,0,4228,0,25950,10482,0,0,0,0,25967,22663,0,0,0,0,0,0,0,0,0,0,1
1,2642,0,0,0,0,0,65537,0,0,0,0,0,0,0,0,0,4228,0,25950,10482,0,0,0,0,25967,22663,0,0,0,0,0,0,0,0,0,0,1
1,2642,0,0,0,0,0,65537,0,0,0,0,0,0,0,0,0,4228,0,25950,10482,0,0,0,0,25967,22663,0,0,0,0,0,0,0,0,0,0,1
1,2642,0,0,0,0,0,65537,0,0,0,0,0,0,0,0,0,4228,0,25950,10482,0,0,0,0,25967,22663,0,0,0,0,0,0,0,0,0,0,1
1,2642,0,0,0,0,0,65537,0,0,0,0,0,0,0,0,0,4228,0,25950,10482,0,0,0,0,25967,22663,0,0,0,0,0,0,0,0,0,0,1
1,0,0,0,0,0,0,65537,0,0,0,0,0,0,0,0,0,4228,0,25950,10482,0,0,0,0,25967,22663,0,0,0,0,0,0,0,0,0,0,1
1,0,0,0,0,0,0,65537,0,0,0,0,0,0,0,0,0,4228,0,25950,10482,0,0,0,0,25967,22663,0,0,0,0,0,0,0,0,0,0,1
1,0,0,0,0,0,0,65537,0,0,0,0,0,0,0,0,0,4228,0,25950,10482,0,0,0,0,25967,22663,0,0,0,0,0,0,0,0,0,0,1
1,0,0,0,0,0,0,0,0,0,0,0,0,0,0,0,0,4228,0,25950,10482,0,0,0,0,25967,0,0,0,0,0,0,0,0,0,0,0,1
1,0,0,0,0,0,0,0,0,0,0,0,0,0,0,0,0,4228,0,25950,10482,0,0,0,0,25967,0,0,0,0,0,0,0,0,0,0,0,1
1,0,0,0,0,0,0,0,0,0,0,0,0,0,0,0,0,4228,0,25950,10482,0,0,0,0,25967,0,0,0,0,0,0,0,0,0,0,0,1
1,0,0,0,0,0,0,0,0,0,0,0,0,0,0,0,0,4228,0,25950,10482,0,0,0,0,25967,0,0,0,0,0,0,3079,0,0,0,0,1
1,0,0,0,0,0,0,0,0,0,0,0,0,0,0,0,0,4228,0,25950,10482,0,0,0,0,25967,0,0,0,0,0,0,3079,0,0,0,0,1
1,0,0,0,0,0,0,0,0,0,0,0,0,0,0,0,0,4228,0,25950,10482,0,0,0,0,25967,0,0,0,0,0,0,3079,0,0,0,0,1
1,0,0,0,0,0,0,0,0,0,0,0,0,0,0,0,0,4228,0,25950,10482,0,0,0,0,25967,0,0,0,0,0,0,3079,0,0,0,0,1
1,0,0,0,0,0,0,0,0,0,0,0,0,0,0,0,0,4228,0,25950,10482,0,0,0,0,25967,0,0,0,0,0,0,3079,0,0,0,0,1
1,0,0,0,0,0,0,0,0,0,0,0,0,0,0,0,0,4228,0,25950,10482,0,0,0,0,25967,0,0,0,0,0,0,3079,0,0,0,0,1
1,0,0,0,0,0,0,0,0,0,0,0,0,0,0,0,0,4228,0,25950,10482,0,0,0,0,25967,0,0,0,0,0,0,3079,0,0,0,0,1
1,0,0,0,0,0,0,0,0,0,0,0,0,0,0,0,0,4228,0,25950,10482,0,0,0,0,25967,0,0,0,0,0,0,3079,0,0,0,0,1
1,0,0,0,0,0,0,0,0,0,0,0,0,0,0,0,0,4228,0,25950,10482,0,0,0,0,25967,0,0,0,0,0,0,3079,0,0,0,0,1
1,0,0,0,0,0,0,0,0,0,0,0,0,0,0,0,0,4228,0,25950,10482,0,0,0,0,25967,0,0,0,0,0,0,3079,0,0,0,0,1
1,0,0,0,0,0,0,0,0,0,0,0,0,0,0,0,0,4228,0,25950,10482,0,0,0,0,25967,0,0,0,0,0,0,3079,0,0,0,0,1
1,0,0,0,0,0,0,0,0,0,0,0,0,0,0,0,0,4228,0,25950,10482,0,0,0,0,25967,0,0,0,0,0,0,3079,0,0,0,0,1
1,0,0,0,0,0,0,0,0,0,0,0,0,0,0,0,0,4228,0,25950,10482,0,0,0,0,25967,0,0,0,0,0,0,3079,0,0,0,0,1
1,0,0,0,0,0,0,0,0,0,0,0,0,0,0,0,0,4228,0,25950,10482,0,0,0,0,25967,0,0,0,0,0,0,3079,0,0,0,0,1
1,0,0,0,0,0,0,0,0,0,0,0,0,0,0,0,0,4228,0,25950,10482,0,0,0,0,25967,0,0,0,0,0,0,3079,0,0,0,0,1
1,0,0,0,0,0,0,0,0,0,0,0,0,0,0,0,0,4228,0,25950,10482,0,0,0,0,25967,0,0,0,0,0,0,3079,0,0,0,0,1
1,0,0,0,0,0,0,0,0,0,0,0,0,0,0,0,0,4228,0,25950,10482,0,0,0,0,25967,0,0,0,0,0,0,3079,0,0,0,0,1
1,0,0,0,0,0,0,0,0,0,0,0,0,0,0,0,0,4228,0,25950,10482,0,0,0,0,25967,0,0,0,0,0,0,3079,0,0,0,0,1
1,0,0,0,0,0,0,0,0,0,0,0,0,0,0,0,0,4228,0,25950,10482,0,0,0,0,25967,0,0,0,0,0,0,3079,0,0,0,0,1
1,0,0,0,0,0,0,0,0,0,0,0,0,0,0,0,0,4228,0,25950,10482,0,0,0,0,25967,0,0,0,0,0,0,3079,0,0,0,0,1
1,0,0,0,0,0,0,0,0,0,0,0,0,0,0,0,0,4228,0,25950,10482,0,0,0,0,25967,0,0,0,0,0,0,3079,0,0,0,0,1
1,0,0,0,0,0,0,0,0,0,0,0,0,0,0,0,0,4228,0,25950,10482,0,0,0,0,25967,0,0,0,0,0,0,3079,0,0,0,0,1
1,0,0,0,0,0,0,0,0,0,0,0,0,0,0,0,0,4228,0,25950,10482,0,0,0,0,25967,0,0,0,0,0,0,3079,0,0,0,0,1
1,0,0,0,0,0,0,0,0,0,0,0,0,0,0,0,0,4228,0,25950,10482,0,0,0,0,25967,0,0,0,0,0,0,3079,0,0,0,0,1
1,0,0,0,0,0,0,0,0,0,0,0,0,0,0,0,0,4228,0,25950,10482,0,0,0,0,25967,0,0,0,0,0,0,3079,0,0,0,0,1
1,0,0,0,0,0,0,0,0,0,0,0,0,0,0,0,0,4228,0,25950,10482,0,0,0,0,25967,0,0,0,0,0,0,3079,0,0,0,0,1
1,0,0,0,0,0,0,0,0,0,0,0,0,0,0,0,0,4228,0,25950,10482,0,0,0,0,25967,0,0,0,0,0,0,3079,0,0,0,0,1
1,0,0,0,0,0,0,0,0,0,0,0,0,0,0,0,0,4228,0,25950,10482,0,0,0,0,25967,0,0,0,0,0,0,3079,0,0,0,0,1
1,0,0,0,0,0,0,0,0,0,0,0,0,0,0,0,0,4228,0,25950,10482,0,0,0,0,25967,0,0,0,0,0,0,3079,0,0,0,0,1
1,0,0,0,0,0,0,0,0,0,0,0,0,0,0,0,0,4228,0,25950,10482,0,0,0,0,25967,0,0,0,0,0,0,3079,0,0,0,0,1
1,0,0,0,0,0,0,0,0,0,0,0,0,0,0,0,0,4228,0,25950,10482,0,0,0,0,25967,0,0,0,0,0,0,3079,0,0,0,0,1
1,0,0,0,0,0,0,0,0,0,0,0,0,0,0,0,0,4228,0,25950,10482,0,0,0,0,25967,0,0,0,0,0,0,3079,0,0,0,0,1
1,0,0,0,0,0,0,0,0,0,0,0,0,0,0,0,0,4228,0,25950,10482,0,0,0,0,25967,0,0,0,0,0,0,3079,0,0,0,0,1
1,0,0,0,0,0,0,0,0,0,0,0,0,0,0,0,0,4228,0,25950,10482,0,0,0,0,25967,0,0,0,0,0,0,3079,0,0,0,0,1
1,0,0,0,0,0,0,0,0,0,0,0,0,0,0,0,0,4228,0,25950,10482,0,0,0,0,25967,0,0,0,0,0,0,3079,0,0,0,0,1
1,0,0,0,0,0,0,0,0,0,0,0,0,0,0,0,0,4228,0,25950,10482,0,0,0,0,25967,0,0,0,0,0,0,3079,0,0,0,0,1
1,0,0,0,0,0,0,0,0,0,0,0,0,0,0,0,0,4228,0,25950,10482,0,0,0,0,25967,0,0,0,0,0,0,3079,0,0,0,0,1
1,0,0,0,0,0,0,0,0,0,0,0,0,0,0,0,0,4228,0,25950,10482,0,0,0,0,25967,0,0,0,0,0,0,3079,0,0,0,0,1
1,0,0,0,0,0,0,0,0,0,0,0,0,0,0,0,0,4228,0,25950,10482,0,0,0,0,25967,0,0,0,0,0,0,3079,0,0,0,0,1
1,0,0,0,0,0,0,0,0,0,0,0,0,0,0,0,0,4228,0,25950,10482,0,0,0,0,25967,0,0,0,0,0,0,3079,0,0,0,0,1
1,0,0,0,0,0,0,0,0,0,0,0,0,0,0,0,0,4228,0,25950,10482,0,0,0,0,0,0,0,0,0,0,0,3079,0,0,0,0,1
1,0,0,0,0,0,0,0,0,0,0,0,0,0,0,0,0,4228,0,25950,10482,0,0,0,0,0,0,0,0,0,0,0,3079,0,0,0,0,1
1,0,0,0,0,0,0,0,0,0,0,0,0,0,0,0,0,4228,0,25950,10482,0,0,0,0,0,0,0,0,0,0,0,3079,0,0,0,0,1
1,0,0,0,0,0,0,0,0,0,0,0,0,0,0,0,0,4228,0,25950,10482,0,0,0,0,0,0,0,0,0,0,0,3079,0,0,0,0,1
1,0,0,0,0,0,0,0,0,0,0,0,0,0,0,0,0,4228,0,25950,10482,0,0,0,0,0,0,0,0,0,0,0,3079,0,0,0,0,1
1,0,0,0,0,0,0,0,0,0,0,0,0,0,0,0,0,4228,0,25950,10482,0,0,0,0,0,0,0,0,0,0,0,3079,0,0,0,0,1
1,0,0,0,0,0,0,0,0,0,0,0,0,0,0,0,0,4228,0,25950,10482,0,0,0,0,0,0,0,0,0,0,0,3079,0,0,0,0,1
1,0,0,0,0,0,0,0,0,0,0,0,0,0,0,0,0,4228,0,25950,10482,0,0,0,0,0,0,0,0,0,0,0,3079,0,0,0,0,1
1,0,0,0,0,0,0,0,0,0,0,0,0,0,0,0,0,4228,0,25950,10482,0,0,0,0,0,0,0,0,0,0,0,3079,0,0,0,0,1
1,0,0,0,0,0,0,0,0,0,0,0,0,0,0,0,0,4228,0,25950,10482,0,0,0,0,0,0,0,0,0,0,0,3079,0,0,0,0,1
1,0,0,0,0,0,0,0,0,0,0,0,0,0,0,0,0,4228,0,25950,10482,0,0,0,0,0,0,0,0,0,0,0,3079,0,0,0,0,1
1,0,0,0,0,0,0,0,0,0,0,0,0,0,0,0,0,4228,0,25950,10482,0,0,0,0,0,0,0,0,0,0,0,3079,0,0,0,0,1
1,0,0,0,0,0,0,0,0,0,0,0,0,0,0,0,0,4228,0,25950,10482,0,0,0,0,0,0,0,0,0,0,0,3079,0,0,0,0,1
1,0,0,0,0,0,0,0,0,0,0,0,0,0,0,0,0,4228,0,25950,10482,0,0,0,0,0,0,0,0,0,0,0,3079,0,0,0,0,1
1,0,0,0,0,0,0,0,0,0,0,0,0,0,0,0,0,4228,0,25950,10482,0,0,0,0,0,0,0,0,0,0,0,3079,0,0,0,0,1
1,0,0,0,0,0,0,0,0,0,0,0,0,0,0,0,0,4228,0,25950,10482,0,0,0,0,0,0,0,0,0,0,0,3079,0,0,0,0,1
1,0,0,0,0,0,0,0,0,0,0,0,0,0,0,0,0,4228,0,25950,10482,0,0,0,0,0,0,0,0,0,0,0,3079,0,0,0,0,1
1,0,0,0,0,0,0,0,0,0,0,0,0,0,0,0,0,4228,0,25950,10482,0,0,0,0,0,0,0,0,0,0,0,3079,0,0,0,0,1
1,0,0,0,0,0,0,0,0,0,0,0,0,0,0,0,0,4228,0,25950,10482,0,0,0,0,0,0,0,0,0,0,0,3079,0,0,0,0,1
1,0,0,0,0,0,0,0,0,0,0,0,0,0,0,0,0,4228,0,25950,10482,0,0,0,0,0,0,0,0,0,0,0,3079,0,0,0,0,1
1,0,0,0,0,0,0,0,0,0,0,0,0,0,0,0,0,4228,0,25950,10482,0,0,0,0,0,0,0,0,0,0,0,3079,0,0,0,0,1
1,0,0,0,0,0,0,0,0,0,0,0,0,0,0,0,0,4228,0,25950,10482,0,0,0,0,0,0,0,0,0,0,0,3079,0,0,0,0,1
1,0,0,0,0,0,0,0,0,0,0,0,0,0,0,0,0,4228,0,25950,10482,0,0,0,0,0,0,0,0,0,0,0,3079,0,0,0,0,1
1,0,0,0,0,0,0,0,0,0,0,0,0,0,0,0,0,4228,0,25950,10482,0,0,0,0,0,0,0,0,0,0,0,3079,0,0,0,0,1
1,0,0,0,0,0,0,0,0,0,0,0,0,0,0,0,0,4228,0,25950,10482,0,0,0,0,0,0,0,0,0,0,0,3079,0,0,0,0,1
1,0,0,0,0,0,0,0,0,0,0,0,0,0,0,0,0,4228,0,25950,10482,0,0,0,0,0,0,0,0,0,0,0,3079,0,0,0,0,1
1,0,0,0,0,0,0,0,0,0,0,0,0,0,0,0,0,4228,0,25950,10482,0,0,0,0,0,0,0,0,0,0,0,3079,0,0,0,0,1
1,0,0,0,0,0,0,0,0,0,0,0,0,0,0,0,0,4228,0,25950,10482,0,0,0,0,0,0,0,0,0,0,0,3079,0,0,0,0,1
1,0,0,0,0,0,0,0,0,0,0,0,0,0,0,0,0,4228,0,25950,10482,0,0,0,0,0,0,0,0,0,0,0,3079,0,0,0,0,1
1,0,0,0,0,0,0,0,0,0,0,0,0,0,0,0,0,4228,0,25950,10482,0,0,0,0,0,0,0,0,0,0,0,3079,0,0,0,0,1
1,0,0,0,0,0,0,0,0,0,0,0,0,0,0,0,0,4228,0,25950,10482,0,0,0,0,0,0,0,0,0,0,0,3079,0,0,0,0,1
1,0,0,0,0,0,0,0,0,0,0,0,0,0,0,0,0,4228,0,25950,10482,0,0,0,0,0,0,0,0,0,0,0,3079,0,0,0,0,1
1,0,0,0,0,0,0,0,0,0,0,0,0,0,0,0,0,4228,0,25950,10482,0,0,0,0,0,0,0,0,0,0,0,3079,0,0,0,0,1
1,0,0,0,0,0,0,0,0,0,0,0,0,0,0,0,0,4228,0,25950,10482,0,0,0,0,0,0,0,0,0,0,0,3079,0,0,0,0,1
1,0,0,0,0,0,0,0,0,0,0,0,0,0,0,0,0,4228,0,25950,10482,0,0,0,0,0,0,0,0,0,0,0,3079,0,0,0,0,1
1,0,0,0,0,0,0,0,0,0,0,0,0,0,0,0,0,4228,0,25950,10482,0,0,0,0,0,0,0,0,0,0,0,3079,0,0,0,0,1
1,0,0,0,0,0,0,0,0,0,0,0,0,0,0,0,0,4228,0,25950,10482,0,0,0,0,0,0,0,0,0,0,0,3079,0,0,0,0,1
1,0,0,0,0,0,0,0,0,0,0,0,0,0,0,0,0,4228,0,25950,10482,0,0,0,0,0,0,0,0,0,0,0,3079,0,0,0,0,1
1,0,0,0,0,0,0,0,0,0,0,0,0,0,0,0,0,4228,0,25950,10482,0,0,0,0,0,0,0,0,0,0,0,3079,0,0,0,0,1
1,0,0,0,0,0,0,0,0,0,0,0,0,0,0,0,0,4228,0,25950,10482,0,0,0,0,0,0,0,0,0,0,0,3079,0,0,0,0,1
1,0,0,0,0,0,0,0,0,0,0,0,0,0,0,0,0,4228,0,25950,10482,0,0,0,0,0,0,0,0,0,0,0,3079,0,0,0,0,1
1,0,0,0,0,0,0,0,0,0,0,0,0,0,0,0,0,4228,0,25950,10482,0,0,0,0,0,0,0,0,0,0,0,3079,0,0,0,0,1
1,0,0,0,0,0,0,0,0,0,0,0,0,0,0,0,0,4228,0,25950,10482,0,0,0,0,0,0,0,0,0,0,0,3079,0,0,0,0,1
1,0,0,0,0,0,0,0,0,0,0,0,0,0,0,0,0,4228,0,25950,10482,0,0,0,0,0,0,0,0,0,0,0,3079,0,0,0,0,1
1,0,0,0,0,0,0,0,0,0,0,0,0,0,0,0,0,4228,0,25950,10482,0,0,0,0,0,0,0,0,0,0,0,3079,0,0,0,0,1
1,0,0,0,0,0,0,0,0,0,0,0,0,0,0,0,0,4228,0,25950,10482,0,0,0,0,0,0,0,0,0,0,0,3079,0,0,0,0,1
1,0,0,0,0,0,0,0,0,0,0,0,0,0,0,0,0,4228,0,25950,10482,0,0,0,0,0,0,0,0,0,0,0,3079,0,0,0,0,1
1,0,0,0,0,0,0,0,0,0,0,0,0,0,0,0,0,4228,0,25950,10482,0,0,0,0,0,0,0,0,0,0,0,3079,0,0,0,0,1
1,0,0,0,0,0,0,0,0,0,0,0,0,0,0,0,0,4228,0,25950,10482,0,0,0,0,0,0,0,0,0,0,0,3079,0,0,0,0,1
1,0,0,0,0,0,0,0,0,0,0,0,0,0,0,0,0,4228,0,25950,10482,0,0,0,0,0,0,0,0,0,0,0,3079,0,0,0,0,1
1,0,0,0,0,0,0,0,0,0,0,0,0,0,0,0,0,4228,0,25950,10482,0,0,0,0,0,0,0,0,0,0,0,3079,0,0,0,0,1
1,0,0,0,0,0,0,0,0,0,0,0,0,0,0,0,0,4228,0,25950,10482,0,0,0,0,0,0,0,0,0,0,0,3079,0,0,0,0,1
1,0,0,0,0,0,0,0,0,0,0,0,0,0,0,0,0,4228,0,25950,10482,0,0,0,0,0,0,0,0,0,0,0,3079,0,0,0,0,1
1,0,0,0,0,0,0,0,0,0,0,0,0,0,0,0,0,4228,0,25950,10482,0,0,0,0,0,0,0,0,0,0,0,3079,0,0,0,0,1
1,0,0,0,0,0,0,0,0,0,0,0,0,0,0,0,0,4228,0,25950,10482,0,0,0,0,0,0,0,0,0,0,0,3079,0,0,0,0,1
1,0,0,0,0,0,0,0,0,0,0,0,0,0,0,0,0,4228,0,25950,10482,0,0,0,0,0,0,0,0,0,0,0,3079,0,0,0,0,1
1,0,0,0,0,0,0,0,0,0,0,0,0,0,0,0,0,4228,0,25950,10482,0,0,0,0,0,0,0,0,0,0,0,3079,0,0,0,0,1
1,0,0,0,0,0,0,0,0,0,0,0,0,0,0,0,0,4228,0,25950,10482,0,0,0,0,0,0,0,0,0,0,0,3079,0,0,0,0,1
1,0,0,0,0,0,0,0,0,0,0,0,0,0,0,0,0,4228,0,25950,10482,0,0,0,0,0,0,0,0,0,0,0,3079,0,0,0,0,1
1,0,0,0,0,0,0,0,0,0,0,0,0,0,0,0,0,4228,0,25950,10482,0,0,0,0,0,0,0,0,0,0,0,3079,0,0,0,0,1
1,0,0,0,0,0,0,0,0,0,0,0,0,0,0,0,0,4228,0,25950,10482,0,0,0,0,0,0,0,0,0,0,0,3079,0,0,0,0,1
1,0,0,0,0,0,0,0,0,0,0,0,0,0,0,0,0,4228,0,25950,10482,0,0,0,0,0,0,0,0,0,0,0,3079,0,0,0,0,1
1,0,0,0,0,0,0,0,0,0,0,0,0,0,0,0,0,4228,0,25950,10482,0,0,0,0,0,0,0,0,0,0,0,3079,0,0,0,0,1
1,0,0,0,0,0,0,0,0,0,0,0,0,0,0,0,0,4228,0,25950,10482,0,0,0,0,0,0,0,0,0,0,0,3079,0,0,0,0,1
1,0,0,0,0,0,0,0,0,0,0,0,0,0,0,0,0,4228,0,25950,10482,0,0,0,0,0,0,0,0,0,0,0,3079,0,0,0,0,1
1,0,0,0,0,0,0,0,0,0,0,0,0,0,0,0,0,4228,0,25950,10482,0,0,0,0,0,0,0,0,0,0,0,3079,0,0,0,0,1
1,0,0,0,0,0,0,0,0,0,0,0,0,0,0,0,0,4228,0,25950,10482,0,0,0,0,0,0,0,0,0,0,0,3079,0,0,0,0,1
1,0,0,0,0,0,0,0,0,0,0,0,0,0,0,0,0,4228,0,25950,10482,0,0,0,0,0,0,0,0,0,0,0,3079,0,0,0,0,1
1,0,0,0,0,0,0,0,0,0,0,0,0,0,0,0,0,4228,0,25950,10482,0,0,0,0,0,0,0,0,0,0,0,3079,0,0,0,0,1
1,0,0,0,0,0,0,0,0,0,0,0,0,0,0,0,0,4228,0,25950,10482,0,0,0,0,0,0,0,0,0,0,0,3079,0,0,0,0,1
1,0,0,0,0,0,0,0,0,0,0,0,0,0,0,0,0,4228,0,25950,10482,0,0,0,0,0,0,0,0,0,0,0,3079,0,0,0,0,1
1,0,0,0,0,0,0,0,0,0,0,0,0,0,0,0,0,4228,0,25950,10482,0,0,0,0,0,0,0,0,0,0,0,3079,0,0,0,0,1
1,0,0,0,0,0,0,0,0,0,0,0,0,0,0,0,0,4228,0,25950,10482,0,0,0,0,0,0,0,0,0,0,0,3079,0,0,0,0,1
2,0,0,0,0,0,0,0,0,0,0,0,0,0,0,0,0,4228,0,25950,10482,0,0,0,0,0,0,0,0,0,0,0,3079,0,0,0,0,1
2,0,0,0,0,0,0,0,0,0,0,0,0,3664,0,0,0,4228,0,25950,10482,0,0,0,0,0,0,0,0,0,0,0,3079,0,0,0,0,1
2,0,0,0,0,0,0,0,0,0,0,0,0,3664,0,0,0,4228,0,25950,10482,0,0,0,0,0,0,0,0,0,0,0,3079,0,0,0,0,1
2,0,0,0,0,0,0,0,0,0,0,0,0,3664,0,0,0,4228,0,25950,10482,0,0,0,0,0,0,0,0,0,0,0,3079,0,0,0,0,1
2,0,0,0,0,0,0,0,0,0,0,0,0,3664,0,0,0,4228,0,25950,10482,0,0,0,0,0,0,0,0,0,0,0,3079,0,0,0,0,1
2,0,0,0,0,0,0,0,0,0,0,0,0,3664,0,0,0,4228,0,25950,10482,0,0,0,0,0,0,0,0,0,0,0,3079,0,0,0,0,1
2,0,0,0,0,0,0,0,0,0,0,0,0,3664,0,0,0,4228,0,25950,10482,0,0,0,0,0,0,0,0,0,0,0,3079,0,0,0,0,1
2,0,0,0,0,0,0,0,0,0,0,0,0,3664,0,0,0,4228,0,25950,10482,0,0,0,0,0,0,0,0,0,0,0,3079,0,0,0,0,1
2,0,0,0,0,0,0,0,0,0,0,0,0,3664,0,0,0,4228,0,25950,10482,0,0,0,0,0,0,0,0,0,0,0,3079,0,0,0,0,1
2,0,0,0,0,0,0,0,0,0,0,0,0,3664,0,0,0,4228,0,25950,10482,0,0,0,0,0,0,0,0,0,0,0,3079,0,0,0,0,1
2,0,0,0,0,0,0,0,0,0,0,0,0,3664,0,0,0,4228,0,25950,10482,0,0,0,0,0,0,0,0,0,0,0,3079,0,0,0,0,1
2,0,0,0,0,0,0,0,0,0,0,0,0,3664,0,0,0,4228,0,25950,10482,0,0,0,0,0,0,0,0,0,0,0,3079,0,0,0,0,1
2,0,0,0,0,0,0,0,0,11205,0,0,0,3664,0,40566,0,4228,0,25950,10482,0,0,0,0,0,0,0,0,0,0,0,3079,0,0,0,0,1
2,0,0,0,0,0,0,0,0,11205,286,0,0,3664,0,40566,32051,4228,0,25950,10482,0,0,0,0,0,0,0,0,0,0,0,3079,0,0,0,0,1
2,0,0,0,0,0,0,0,0,11205,286,0,0,3664,0,40566,32051,4228,0,25950,10482,0,0,0,0,0,0,0,0,0,0,0,3079,0,0,0,0,1
2,0,0,0,0,0,0,0,0,11205,286,0,0,3664,0,40566,32051,4228,0,25950,10482,0,0,0,0,0,0,0,0,0,0,0,3079,0,0,0,0,1
2,0,0,0,0,0,0,0,0,11205,286,0,0,3664,0,40566,32051,4228,0,25950,10482,0,0,0,0,0,0,0,0,0,0,0,3079,0,0,0,0,1
2,0,0,0,0,0,0,0,0,0,286,0,0,3664,0,40566,32051,4228,0,25950,10482,0,0,0,0,0,0,0,0,0,0,0,3079,0,0,0,0,1
2,0,0,0,0,0,0,0,0,0,286,0,0,3664,0,40566,32051,4228,0,25950,10482,0,0,0,0,0,0,0,0,0,0,0,3079,0,0,0,0,1
2,0,0,0,0,0,0,0,0,0,286,0,0,3664,0,0,32051,4228,0,25950,10482,0,0,0,0,0,0,0,0,0,0,0,3079,0,0,0,0,1
2,0,0,0,0,0,0,0,0,0,286,0,0,3664,0,0,32051,4228,0,25950,10482,0,0,0,0,0,0,0,0,0,0,0,3079,0,0,0,0,1
2,0,0,0,0,0,0,0,0,0,286,0,0,3664,0,0,32051,4228,0,25950,10482,0,0,0,0,0,0,0,0,0,0,0,3079,0,0,0,0,1
2,0,0,0,0,0,0,0,0,0,286,0,0,3664,0,0,32051,4228,0,25950,10482,0,0,0,0,0,0,0,0,0,0,0,3079,0,0,0,0,1
2,0,0,0,0,0,0,0,0,0,286,0,0,3664,0,0,32051,4228,0,25950,10482,0,0,0,0,0,0,0,0,0,0,0,3079,0,0,0,0,1
2,0,0,0,0,0,0,0,0,0,286,0,0,3664,0,0,32051,4228,0,25950,10482,0,0,0,0,0,0,0,0,0,0,0,3079,0,0,0,0,1
2,0,0,0,0,0,0,0,0,0,286,0,0,3664,0,0,32051,4228,0,25950,10482,0,0,0,0,0,0,0,0,0,0,0,3079,0,0,0,0,1
2,0,0,0,0,0,0,0,0,0,286,0,0,3664,0,0,32051,4228,0,25950,10482,0,0,0,0,0,0,0,0,0,0,0,3079,0,0,0,0,1
2,0,0,0,0,0,0,0,0,0,286,0,0,3664,0,0,32051,4228,0,25950,10482,0,0,0,0,0,0,0,0,0,0,0,3079,0,0,0,0,1
2,0,0,0,0,0,0,0,0,0,286,0,0,3664,0,0,32051,4228,0,25950,10482,0,0,0,0,0,0,0,0,0,0,0,3079,0,0,0,0,1
2,0,0,0,0,0,0,0,0,0,286,0,0,3664,0,0,32051,4228,0,25950,10482,0,0,0,0,0,0,0,0,0,0,0,3079,0,0,0,0,1
2,0,0,0,0,0,0,0,0,0,286,0,0,3664,0,0,32051,4228,0,25950,10482,0,0,0,0,0,0,0,0,0,0,0,3079,0,0,0,0,1
2,0,0,0,0,0,0,0,0,0,286,0,0,3664,0,0,32051,4228,0,25950,10482,0,0,0,0,0,0,0,0,0,0,0,3079,0,0,0,0,1
2,0,0,0,0,0,0,0,0,0,286,0,0,3664,0,0,32051,4228,0,25950,10482,0,0,0,0,0,0,0,0,0,0,0,3079,0,0,0,0,1
2,0,0,0,0,0,0,0,0,0,286,0,0,3664,0,0,32051,4228,0,25950,10482,0,0,0,0,0,0,0,0,0,0,0,3079,0,0,0,0,1
2,0,0,0,0,0,0,0,0,0,286,0,0,3664,0,0,32051,4228,0,25950,10482,0,0,0,0,0,0,0,0,0,0,0,3079,0,0,0,0,1
2,0,0,0,0,0,0,0,0,0,286,0,0,3664,0,0,32051,4228,0,25950,10482,0,0,0,0,0,0,0,0,0,0,0,3079,0,0,0,0,1
2,0,0,0,0,0,0,0,0,0,286,0,0,3664,0,0,32051,4228,0,25950,10482,0,0,0,0,0,0,0,0,0,0,0,3079,0,0,0,0,1
2,0,0,0,0,0,0,0,0,0,286,0,0,3664,0,0,32051,4228,0,25950,10482,0,0,0,0,0,0,0,0,0,0,0,3079,0,0,0,0,1
2,0,0,0,0,0,0,0,0,0,286,0,0,3664,0,0,32051,4228,0,25950,10482,0,0,0,0,0,0,0,0,0,0,0,3079,0,0,0,0,1
2,0,0,0,0,0,0,0,0,0,286,0,0,3664,0,0,32051,4228,0,25950,10482,0,0,0,0,0,0,0,0,0,0,0,3079,0,0,0,0,1
2,0,0,0,0,0,0,0,0,0,286,0,0,3664,0,0,32051,4228,0,25950,10482,0,0,0,0,0,0,0,0,0,0,0,3079,0,0,0,0,1
2,0,0,0,0,0,0,0,0,0,286,0,0,3664,0,0,32051,4228,0,25950,10482,0,0,0,0,0,0,0,0,0,0,0,3079,0,0,0,0,1
2,0,0,0,0,0,0,0,0,0,286,0,0,3664,0,0,32051,4228,0,25950,10482,0,0,0,0,0,0,0,0,0,0,0,3079,0,0,0,0,1
2,0,0,0,0,0,0,0,0,0,286,0,0,3664,0,0,32051,4228,0,25950,10482,0,0,0,0,0,0,0,0,0,0,0,3079,0,0,0,0,1
2,0,0,0,0,0,0,0,0,0,286,0,0,3664,0,0,32051,4228,0,25950,10482,0,0,0,0,0,0,0,0,0,0,0,3079,0,0,0,0,1
2,0,0,0,0,0,0,0,0,0,286,0,0,3664,0,0,32051,4228,0,25950,10482,0,0,0,0,0,0,0,0,0,0,0,3079,0,0,0,0,1
2,0,0,0,0,0,0,0,0,0,286,0,0,3664,0,0,32051,4228,0,25950,10482,0,0,0,0,0,0,0,0,0,0,0,3079,0,0,0,0,1
2,0,0,0,0,0,0,0,0,0,286,0,0,3664,0,0,32051,4228,0,25950,10482,0,0,0,0,0,0,0,0,0,0,0,3079,0,0,0,0,1
2,0,0,0,0,0,0,0,0,0,286,0,0,3664,0,0,32051,4228,0,25950,10482,0,0,0,0,0,0,0,0,0,0,0,3079,0,0,0,0,1
2,0,0,0,0,0,0,0,0,0,286,0,0,3664,0,0,32051,4228,0,25950,10482,0,0,0,0,0,0,0,0,0,0,0,3079,0,0,0,0,1
2,0,0,0,0,0,0,0,0,0,286,0,0,3664,0,0,32051,4228,0,25950,10482,0,0,0,0,0,0,0,0,0,0,0,3079,0,0,0,0,1
2,0,0,0,0,0,0,0,0,0,286,0,0,3664,0,0,32051,4228,0,25950,10482,0,0,0,0,0,0,0,0,0,0,0,3079,0,0,0,0,1
2,0,0,0,0,0,0,0,0,0,286,0,0,3664,0,0,32051,4228,0,25950,10482,0,0,0,0,0,0,0,0,0,0,0,3079,0,0,0,0,1
2,39509,0,0,0,0,0,0,0,0,286,0,0,3664,0,0,32051,4228,0,25950,10482,0,0,0,0,0,0,0,0,0,0,0,3079,0,0,0,0,1
2,39509,0,0,0,0,0,0,0,0,286,0,0,3664,0,0,32051,4228,0,25950,10482,0,0,0,0,0,0,0,0,0,0,0,3079,0,0,0,0,1
2,39509,0,0,0,0,0,0,0,0,286,0,0,3664,0,0,32051,4228,0,25950,10482,0,0,0,0,0,0,0,0,0,0,0,3079,0,0,0,0,1
2,39509,0,0,0,0,0,0,0,0,0,0,0,3664,0,0,32051,4228,0,25950,10482,0,0,0,0,0,0,0,0,0,0,0,3079,0,0,0,0,1
2,39509,0,0,0,0,0,0,0,0,0,0,0,3664,0,0,32051,4228,0,25950,10482,0,0,0,0,0,0,0,0,0,0,0,3079,0,0,0,0,1
2,39509,0,0,0,0,0,0,0,6845,0,0,0,3664,0,0,32051,4228,0,25950,10482,0,0,0,0,0,0,0,0,0,0,0,3079,0,0,0,0,1
2,39509,0,0,0,0,0,0,0,6845,0,0,0,3664,0,0,32051,4228,0,25950,10482,0,0,0,0,0,0,0,0,0,0,0,3079,0,0,0,0,1
2,39509,0,0,0,0,0,0,0,6845,0,0,0,3664,0,0,32051,4228,0,25950,10482,0,0,0,0,0,0,0,0,0,0,0,3079,0,0,0,0,1
2,39509,0,3909,0,0,0,0,0,6845,0,0,0,3664,0,0,32051,4228,0,25950,10482,0,0,0,0,0,0,0,0,0,0,0,3079,0,0,0,0,1
2,39509,0,3909,0,0,0,0,0,6845,0,0,0,3664,0,0,32051,4228,0,25950,10482,0,0,0,0,0,0,0,0,0,0,0,3079,0,0,0,0,1
2,39509,0,3909,0,0,0,0,0,6845,0,0,0,3664,0,0,32051,4228,0,25950,10482,0,0,0,0,0,0,0,0,0,0,0,3079,0,0,0,0,1
2,39509,0,3909,0,0,0,0,0,6845,0,0,0,3664,0,0,32051,4228,0,25950,10482,0,0,0,0,0,0,0,0,0,0,0,3079,0,0,0,0,1
2,39509,0,3909,0,0,0,0,0,6845,0,0,0,3664,0,0,32051,4228,0,25950,10482,0,0,0,0,0,0,0,0,0,0,0,3079,0,0,0,0,1
2,39509,0,3909,0,0,0,0,0,6845,0,0,0,3664,0,0,32051,4228,0,25950,10482,0,0,0,0,0,0,0,0,0,0,0,3079,0,0,0,0,1
2,39509,0,3909,0,0,0,0,0,6845,0,0,0,3664,0,0,32051,4228,0,25950,10482,0,0,0,0,0,0,0,0,0,0,0,3079,0,0,0,0,1
2,39509,0,3909,0,0,0,0,0,6845,0,0,0,3664,0,0,32051,4228,0,25950,10482,0,0,0,0,0,0,0,0,0,0,0,3079,0,0,0,0,1
2,39509,0,3909,0,0,0,0,0,6845,0,0,0,3664,0,0,32051,4228,0,25950,10482,0,0,0,0,0,0,0,0,0,0,0,3079,0,0,0,0,1
2,39509,0,3909,0,0,0,0,0,6845,0,0,0,3664,0,0,32051,4228,0,25950,10482,0,0,0,0,0,0,0,0,0,0,0,3079,0,0,0,0,1
2,39509,0,3909,0,0,0,0,0,6845,0,0,0,3664,0,0,32051,4228,0,25950,10482,0,0,0,0,0,0,0,0,0,0,0,3079,0,0,0,0,1
2,39509,0,3909,0,0,0,0,0,6845,0,0,0,3664,0,0,32051,4228,0,25950,10482,0,0,0,0,0,0,0,0,0,0,0,3079,0,0,0,0,1
2,39509,0,3909,0,0,0,0,0,6845,0,0,0,3664,0,0,32051,4228,0,25950,10482,0,0,0,0,0,0,0,0,0,0,0,3079,0,0,0,0,1
2,39509,0,3909,0,0,0,0,0,6845,0,0,0,3664,0,0,32051,4228,0,25950,10482,0,0,0,0,0,0,0,0,0,0,0,3079,0,0,0,0,1
2,39509,0,3909,0,0,0,0,0,6845,0,0,0,3664,0,0,32051,4228,0,25950,10482,0,0,0,0,0,0,0,0,0,0,0,3079,0,0,0,0,1
2,39509,0,3909,0,0,0,0,0,6845,0,0,0,3664,0,0,32051,4228,0,25950,10482,0,0,0,0,0,0,0,0,0,0,0,3079,0,0,0,0,1
2,39509,0,3909,0,0,0,0,0,6845,0,0,0,3664,0,0,32051,4228,0,25950,10482,0,0,0,0,0,0,0,0,0,0,0,3079,0,0,0,0,1
2,39509,0,3909,0,0,0,0,0,6845,0,0,0,3664,0,0,32051,4228,0,25950,10482,0,0,0,0,0,0,0,0,0,0,0,3079,0,0,0,0,1
2,39509,0,3909,0,0,0,0,0,6845,0,0,0,3664,0,0,32051,4228,0,25950,10482,0,0,0,0,0,0,0,0,0,0,0,3079,0,0,0,0,1
2,39509,0,3909,0,0,0,0,0,6845,0,0,0,3664,0,0,32051,4228,0,25950,10482,0,0,0,0,0,0,0,0,0,0,0,3079,0,0,0,0,1
2,39509,0,3909,0,0,0,0,0,6845,0,0,0,3664,0,0,32051,4228,0,25950,10482,0,0,0,0,0,0,0,0,0,0,0,3079,0,0,0,0,1
2,39509,0,3909,0,0,0,0,0,6845,0,0,0,3664,0,0,32051,4228,0,25950,10482,0,0,0,0,0,0,0,0,0,0,0,3079,0,0,0,0,1
2,39509,0,3909,0,0,0,0,0,6845,0,0,0,3664,0,0,32051,4228,0,25950,10482,0,0,0,0,0,0,0,0,0,0,0,3079,0,0,0,0,1
2,39509,0,3909,0,0,0,0,0,6845,0,0,0,3664,0,0,32051,4228,0,25950,10482,0,0,0,0,0,0,0,0,0,0,0,3079,0,0,0,0,1
2,39509,0,3909,0,0,0,0,0,6845,0,0,0,3664,0,0,32051,4228,0,25950,10482,0,0,0,0,0,0,0,0,0,0,0,3079,0,0,0,0,1
2,39509,0,3909,0,0,0,0,0,6845,0,0,0,3664,0,0,32051,4228,0,25950,10482,0,0,0,0,0,0,0,0,0,0,0,3079,0,0,0,0,1
2,39509,0,3909,0,0,0,0,0,6845,0,0,0,3664,0,0,32051,4228,0,25950,10482,0,0,0,0,0,0,0,0,0,0,0,3079,0,0,0,0,1
2,39509,0,3909,0,0,0,0,0,6845,0,0,0,3664,0,0,32051,4228,0,25950,10482,0,0,0,0,0,0,0,0,0,0,0,3079,0,0,0,0,1
2,39509,0,3909,0,0,0,0,0,6845,0,0,0,3664,0,0,32051,4228,0,25950,10482,0,0,0,0,0,0,0,0,0,0,0,3079,0,0,0,0,1
2,39509,0,3909,0,0,0,0,0,6845,0,0,0,3664,0,0,32051,4228,0,25950,10482,0,0,0,0,0,0,0,0,0,0,0,3079,0,0,0,0,1
2,39509,0,3909,0,0,0,0,0,6845,0,0,0,3664,0,0,32051,4228,0,25950,10482,0,0,0,0,0,0,0,0,0,0,0,3079,0,0,0,0,1
2,39509,0,3909,0,0,0,0,0,6845,0,0,0,3664,0,0,32051,4228,0,25950,10482,0,0,0,0,0,0,0,0,0,0,0,3079,0,0,0,0,1
2,39509,0,3909,0,0,0,0,0,6845,0,0,0,3664,0,0,32051,4228,0,25950,10482,0,0,0,0,0,0,0,0,0,0,0,3079,0,0,0,0,1
2,39509,0,3909,0,0,0,0,0,6845,0,0,0,3664,0,0,32051,4228,0,25950,10482,0,0,0,0,0,0,0,0,0,0,0,3079,0,0,0,0,1
2,39509,0,3909,0,0,0,0,0,6845,0,0,0,3664,0,0,32051,4228,0,25950,10482,0,0,0,0,0,0,0,0,0,0,0,3079,0,0,0,0,1
2,39509,0,3909,0,0,0,0,0,6845,0,0,0,3664,0,0,32051,4228,0,25950,10482,0,0,0,0,0,0,0,0,0,0,0,3079,0,0,0,0,1
2,39509,0,3909,0,0,0,0,0,6845,0,0,0,3664,0,0,32051,4228,0,25950,10482,0,0,0,0,0,0,0,0,0,0,0,3079,0,0,0,0,1
2,39509,0,3909,0,0,0,0,0,6845,0,0,0,3664,0,0,32051,4228,0,25950,10482,0,0,0,0,0,0,0,0,0,0,0,3079,0,0,0,0,1
2,39509,0,3909,0,0,0,0,0,6845,0,0,0,3664,0,0,32051,4228,0,25950,10482,0,0,0,0,0,0,0,0,0,0,0,3079,0,0,0,0,1
2,39509,0,3909,0,0,0,0,0,6845,0,0,0,3664,0,0,32051,4228,0,25950,10482,0,0,0,0,0,0,0,0,0,0,0,3079,0,0,0,0,1
2,39509,0,3909,0,0,0,0,0,6845,0,0,0,3664,0,0,32051,4228,0,25950,10482,0,0,0,0,0,0,0,0,0,0,0,3079,0,0,0,0,1
2,39509,0,3909,0,0,0,0,0,6845,0,0,0,3664,0,0,32051,4228,0,25950,10482,0,0,0,0,0,0,0,0,0,0,0,3079,0,0,0,0,1
2,39509,0,3909,0,0,0,0,0,6845,0,0,0,3664,0,0,32051,4228,0,25950,10482,0,0,0,0,0,0,0,0,0,0,0,3079,0,0,0,0,1
2,39509,0,3909,0,0,0,0,0,6845,0,0,0,3664,0,0,32051,4228,0,25950,10482,0,0,0,0,0,0,0,0,0,0,0,3079,0,0,0,0,1
2,39509,0,3909,0,0,0,0,0,6845,0,0,0,3664,0,0,32051,4228,0,25950,10482,0,0,0,0,0,0,0,0,0,0,0,3079,0,0,0,0,1
2,39509,0,3909,0,0,0,0,0,6845,0,0,0,3664,0,0,32051,4228,0,25950,10482,0,0,0,0,0,0,0,0,0,0,0,3079,0,0,0,0,1
2,39509,0,3909,0,0,0,0,0,6845,0,0,0,3664,0,0,32051,4228,0,25950,10482,0,0,0,0,0,0,0,0,0,0,0,3079,0,0,0,0,1
2,39509,0,3909,0,0,0,0,0,6845,0,0,0,3664,0,0,32051,4228,0,25950,10482,0,0,0,0,0,0,0,0,0,0,0,3079,0,0,0,0,1
2,39509,0,3909,0,0,0,0,0,6845,0,0,0,3664,0,0,32051,4228,0,25950,10482,0,0,0,0,0,0,0,0,0,0,0,3079,0,0,0,0,1
2,39509,0,3909,0,0,0,0,0,6845,0,0,0,3664,0,0,32051,4228,0,25950,10482,0,0,0,0,0,0,0,0,0,0,0,3079,0,0,0,0,1
2,39509,0,3909,0,0,0,0,0,6845,0,0,0,3664,0,0,32051,4228,0,25950,10482,0,0,0,0,0,0,0,0,0,0,0,3079,0,0,0,0,1
2,39509,0,3909,0,0,0,0,0,6845,0,0,0,3664,0,0,32051,4228,0,25950,10482,0,0,0,0,0,0,0,0,0,0,0,3079,0,0,0,0,1
2,39509,0,3909,0,0,0,0,0,6845,0,0,0,3664,0,0,32051,4228,0,25950,10482,0,0,0,0,0,0,0,0,0,0,0,3079,0,0,0,0,1
2,39509,0,3909,0,0,0,0,0,6845,0,0,0,3664,0,0,32051,4228,0,25950,10482,0,0,0,0,0,0,0,0,0,0,0,3079,0,0,0,0,1
2,39509,0,3909,0,0,0,0,0,6845,0,0,0,3664,0,0,32051,4228,0,25950,10482,0,0,0,0,0,0,0,0,0,0,0,3079,0,0,0,0,1
2,39509,0,3909,0,0,0,0,0,6845,0,0,0,3664,0,0,32051,4228,0,25950,10482,0,0,0,0,0,0,0,0,0,0,0,3079,0,0,0,0,1
2,39509,0,3909,0,0,0,0,0,6845,0,0,0,3664,0,0,32051,4228,0,25950,10482,0,0,0,0,0,0,0,0,0,0,0,3079,0,0,0,0,1
2,39509,0,3909,0,0,0,0,0,6845,0,0,0,3664,0,0,32051,4228,0,25950,10482,0,0,0,0,0,0,0,0,0,0,0,3079,0,0,0,0,1
2,39509,0,3909,0,0,0,0,0,6845,0,0,0,3664,0,0,32051,4228,0,25950,10482,0,0,0,0,0,0,0,0,0,0,0,3079,0,0,0,0,1
2,39509,0,3909,0,0,0,0,0,6845,0,0,0,3664,0,0,32051,4228,0,25950,10482,0,0,0,0,0,0,0,0,0,0,0,3079,0,0,0,0,1
2,39509,0,3909,0,0,0,0,0,6845,0,0,0,3664,0,0,32051,4228,0,25950,10482,0,0,0,0,0,0,0,0,0,0,0,3079,0,0,0,0,1
2,39509,0,3909,0,0,0,0,0,6845,0,0,0,3664,0,0,32051,4228,0,25950,10482,0,0,0,0,0,0,0,0,0,0,0,3079,0,0,0,0,1
2,39509,0,3909,0,0,0,0,0,6845,0,0,0,3664,0,0,32051,4228,0,25950,10482,0,0,0,0,0,0,0,0,0,0,0,3079,0,0,0,0,1
2,39509,0,3909,0,0,0,0,0,6845,0,0,0,3664,0,0,32051,4228,0,25950,10482,0,0,0,0,0,0,0,0,0,0,0,3079,0,0,0,0,1
2,39509,0,3909,0,0,0,0,0,6845,0,0,0,3664,0,0,32051,4228,0,25950,10482,0,0,0,0,0,0,0,0,0,0,0,3079,0,0,0,0,1
2,39509,0,3909,0,0,0,0,0,6845,0,0,0,3664,0,0,32051,4228,0,25950,10482,0,0,0,0,0,0,0,0,0,0,0,3079,0,0,0,0,1
2,39509,0,3909,0,0,0,0,0,6845,0,0,0,3664,0,0,32051,4228,0,25950,10482,0,0,0,0,0,0,0,0,0,0,0,3079,0,0,0,0,1
2,39509,0,3909,0,0,0,0,0,6845,0,0,0,3664,0,0,32051,4228,0,25950,10482,0,0,0,0,0,0,0,0,0,0,0,3079,0,0,0,0,1
2,39509,0,3909,0,0,0,0,0,6845,0,0,0,3664,0,0,32051,4228,0,25950,10482,0,0,0,0,0,0,0,0,0,0,0,3079,0,0,0,0,1
2,39509,0,3909,0,0,0,0,0,6845,0,0,0,3664,0,0,32051,4228,0,25950,10482,0,0,0,0,0,0,0,0,0,0,0,3079,0,0,0,0,1
2,39509,0,3909,0,0,0,0,0,6845,0,0,0,3664,0,0,32051,4228,0,25950,10482,0,0,0,0,0,0,0,0,0,0,0,3079,0,0,0,0,1
2,39509,0,3909,0,0,0,0,0,6845,0,0,0,3664,0,0,32051,4228,0,25950,10482,0,0,0,0,0,0,0,0,0,0,0,3079,0,0,0,0,1
2,39509,0,3909,0,0,0,0,0,6845,0,0,0,3664,0,0,32051,4228,0,25950,10482,0,0,0,0,0,0,0,0,0,0,0,3079,0,0,0,0,1
2,39509,0,3909,0,0,0,0,0,6845,0,0,0,3664,0,0,32051,4228,0,25950,10482,0,0,0,0,0,0,0,0,0,0,0,3079,0,0,0,0,1
2,39509,0,3909,0,0,0,0,0,6845,0,0,0,3664,0,0,32051,4228,0,25950,10482,0,0,0,0,0,0,0,0,0,0,0,3079,0,0,0,0,1
2,39509,0,3909,0,0,0,0,0,6845,0,0,0,3664,0,0,32051,4228,0,25950,10482,0,0,0,0,0,0,0,0,0,0,0,3079,0,0,0,0,1
2,39509,0,3909,0,0,0,0,0,6845,0,0,0,3664,0,0,32051,4228,0,25950,10482,0,0,0,0,0,0,0,0,0,0,0,3079,0,0,0,0,1
2,39509,0,3909,0,0,0,0,0,6845,0,0,0,3664,0,0,32051,4228,0,25950,10482,0,0,0,0,0,0,0,0,0,0,0,3079,0,0,0,0,1
2,39509,0,3909,0,0,0,0,0,6845,0,0,0,3664,0,0,32051,4228,0,25950,10482,0,0,0,0,0,0,0,0,0,0,0,3079,0,0,0,0,1
2,39509,0,3909,0,0,0,0,0,6845,0,0,0,3664,0,0,32051,4228,0,25950,10482,0,0,0,0,0,0,0,0,0,0,0,3079,0,0,0,0,1
2,39509,0,3909,0,0,0,0,0,6845,0,0,0,3664,0,0,32051,4228,0,25950,10482,0,0,0,0,0,0,0,0,0,0,0,3079,0,0,0,0,1
2,39509,0,3909,0,0,0,0,0,6845,0,0,0,3664,0,0,32051,4228,0,25950,10482,0,0,0,0,0,0,0,0,0,0,0,3079,0,0,0,0,1
2,39509,0,3909,0,0,0,0,0,6845,0,0,0,3664,0,0,32051,4228,0,25950,10482,0,0,0,0,0,0,0,0,0,0,0,3079,0,0,0,0,1
2,39509,0,3909,0,0,0,0,0,6845,0,0,0,3664,0,0,32051,4228,0,25950,10482,0,0,0,0,0,0,0,0,0,0,0,3079,0,0,0,0,1
2,39509,0,3909,0,0,0,0,0,6845,0,0,0,3664,0,0,32051,4228,0,25950,10482,0,0,0,0,0,0,0,0,0,0,0,3079,0,0,0,0,1
2,39509,0,3909,0,0,0,0,0,6845,0,0,0,3664,0,0,32051,4228,0,25950,10482,0,0,0,0,0,0,0,0,0,0,0,3079,0,0,0,0,1
2,39509,0,3909,0,0,0,0,0,6845,0,0,0,3664,0,0,32051,4228,0,25950,10482,0,0,0,0,0,0,0,0,0,0,0,3079,0,0,0,0,1
2,39509,0,3909,0,0,0,0,0,6845,0,0,0,3664,0,0,32051,4228,0,25950,10482,0,0,0,0,0,0,0,0,0,0,0,3079,0,0,0,0,1
2,39509,0,3909,0,0,0,0,0,6845,0,0,0,3664,0,0,32051,4228,0,25950,10482,0,0,0,0,0,0,0,0,0,0,0,3079,0,0,0,0,1
2,39509,0,3909,0,0,0,0,0,6845,0,0,0,3664,0,0,32051,4228,0,25950,10482,0,0,0,0,0,0,0,0,0,0,0,3079,0,0,0,0,1
2,39509,0,3909,0,0,0,0,0,6845,0,0,0,3664,0,0,32051,4228,0,25950,10482,0,0,0,0,0,0,0,0,0,0,0,3079,0,0,0,0,1
2,39509,0,3909,0,0,0,0,0,6845,0,0,0,3664,0,0,32051,4228,0,25950,10482,0,0,0,0,0,0,0,0,0,0,0,3079,0,0,0,0,1
2,39509,0,3909,0,0,0,0,0,6845,0,0,0,3664,0,0,32051,4228,0,25950,10482,0,0,0,0,0,0,0,0,0,0,0,3079,0,0,0,0,1
2,39509,0,3909,0,0,0,0,0,6845,0,0,0,3664,0,0,32051,4228,0,25950,10482,0,0,0,0,0,0,0,0,0,0,0,3079,0,0,0,0,1
2,39509,0,3909,0,0,0,0,0,6845,0,0,0,3664,0,0,32051,4228,0,25950,10482,0,0,0,0,0,0,0,0,0,0,0,3079,0,0,0,0,1
2,39509,0,3909,0,0,0,0,0,6845,0,0,0,3664,0,0,32051,4228,0,25950,10482,0,0,0,0,0,0,0,0,0,0,0,3079,0,0,0,0,1
2,39509,0,3909,0,0,0,0,0,6845,0,0,0,3664,0,0,32051,4228,0,25950,10482,0,0,0,0,0,0,0,0,0,0,0,3079,0,0,0,0,1
2,39509,0,3909,0,0,0,0,0,6845,0,0,0,3664,0,0,32051,4228,0,25950,10482,0,0,0,0,0,0,0,0,0,0,0,3079,0,0,0,0,1
2,39509,0,3909,0,0,0,0,0,6845,0,0,0,3664,0,0,32051,4228,0,25950,10482,0,0,0,0,0,0,0,0,0,0,0,3079,0,0,0,0,1
2,39509,0,3909,0,0,0,0,0,6845,0,0,0,3664,0,0,32051,4228,0,25950,10482,0,0,0,0,0,0,0,0,0,0,0,3079,0,0,0,0,1
2,39509,0,3909,0,0,0,0,0,6845,0,0,0,3664,0,0,32051,4228,0,25950,10482,0,0,0,0,0,0,0,0,0,0,0,3079,0,0,0,0,1
2,39509,0,3909,0,0,0,0,0,6845,0,0,0,3664,0,0,32051,4228,0,25950,10482,0,0,0,0,0,0,0,0,0,0,0,3079,0,0,0,0,1
2,39509,0,3909,0,0,0,0,0,6845,0,0,0,3664,0,0,32051,4228,0,25950,10482,0,0,0,0,0,0,0,0,0,0,0,3079,0,0,0,0,1
2,39509,0,3909,0,0,0,0,0,6845,0,0,0,3664,0,0,32051,4228,0,25950,10482,0,0,0,0,0,0,0,0,0,0,0,3079,0,0,0,0,1
2,39509,0,3909,0,0,0,0,0,6845,0,0,0,3664,0,0,32051,4228,0,25950,10482,0,0,0,0,0,0,0,0,0,0,0,3079,0,0,0,0,1
2,39509,0,3909,0,0,0,0,0,6845,0,0,0,3664,0,0,32051,4228,0,25950,10482,0,0,0,0,0,0,0,0,0,0,0,3079,0,0,0,0,1
2,39509,0,3909,0,0,0,0,0,6845,0,0,0,3664,0,0,32051,4228,0,25950,10482,0,0,0,0,0,0,0,0,0,0,0,3079,0,0,0,0,1
2,39509,0,3909,0,0,0,0,0,6845,0,0,0,3664,0,0,32051,4228,0,25950,10482,0,0,0,0,0,0,0,0,0,0,0,3079,0,0,0,0,1
2,39509,0,3909,0,0,0,0,0,6845,0,0,0,3664,0,0,32051,4228,0,25950,10482,0,0,0,0,0,0,0,0,0,0,0,3079,0,0,0,0,1
2,39509,0,3909,0,0,0,0,0,6845,0,0,0,3664,0,0,32051,4228,0,25950,10482,0,0,0,0,0,0,0,0,0,0,0,3079,0,0,0,0,1
2,39509,0,3909,0,0,0,0,0,6845,0,0,0,3664,0,0,32051,4228,0,25950,10482,0,0,0,0,0,0,0,0,0,0,0,3079,0,0,0,0,1
2,39509,0,3909,0,0,0,0,0,6845,0,0,0,3664,0,0,32051,4228,0,25950,10482,0,0,0,0,0,0,0,0,0,0,0,3079,0,0,0,0,1
2,39509,0,3909,0,0,0,0,0,6845,0,0,0,3664,0,0,32051,4228,0,25950,10482,0,0,0,0,0,0,0,0,0,0,0,3079,0,0,0,0,1
2,39509,0,3909,0,0,0,0,0,6845,0,0,0,3664,0,0,32051,4228,0,25950,10482,0,0,0,0,0,0,0,0,0,0,0,3079,0,0,0,0,1
2,39509,0,3909,0,0,0,0,0,6845,0,0,0,3664,0,0,32051,4228,0,25950,10482,0,0,0,0,0,0,0,0,0,0,0,3079,0,0,0,0,1
2,39509,0,3909,0,0,0,0,0,6845,0,0,0,3664,0,0,32051,4228,0,25950,10482,0,0,0,0,0,0,0,0,0,0,0,3079,0,0,0,0,1
2,39509,0,3909,0,0,0,0,0,6845,0,0,0,3664,0,0,32051,4228,0,25950,10482,0,0,0,0,0,0,0,0,0,0,0,3079,0,0,0,0,1
2,39509,0,3909,0,0,0,0,0,6845,0,0,0,3664,0,0,32051,4228,0,25950,10482,0,0,0,0,0,0,0,0,0,0,0,3079,0,0,0,0,1
2,39509,0,3909,0,0,0,0,0,6845,0,0,0,3664,0,0,32051,4228,0,25950,10482,0,0,0,0,0,0,0,0,0,0,0,3079,0,0,0,0,1
2,39509,0,3909,0,0,0,0,0,6845,0,0,0,3664,0,0,32051,4228,0,25950,10482,0,0,0,0,0,0,0,0,0,0,0,3079,0,0,0,0,1
2,39509,0,3909,0,0,0,0,0,6845,0,0,0,3664,0,0,32051,4228,0,25950,10482,0,0,0,0,0,0,0,0,0,0,0,3079,0,0,0,0,1
2,39509,0,3909,0,0,0,0,0,6845,0,0,0,3664,0,0,32051,4228,0,25950,10482,0,0,0,0,0,0,0,0,0,0,0,3079,0,0,0,0,1
2,39509,0,3909,0,0,0,0,0,6845,0,0,0,3664,0,0,32051,4228,0,25950,10482,0,0,0,0,0,0,0,0,0,0,0,3079,0,0,0,0,1
2,39509,0,3909,0,0,0,0,0,6845,0,0,0,3664,0,0,32051,4228,0,25950,10482,0,0,0,0,0,0,0,0,0,0,0,3079,0,0,0,0,1
2,39509,0,3909,0,0,0,0,0,6845,0,0,0,3664,0,0,32051,4228,0,25950,10482,0,0,0,0,0,0,0,0,0,0,0,3079,0,0,0,0,1
2,39509,0,3909,0,0,0,0,0,6845,0,0,0,3664,0,0,32051,4228,0,25950,10482,0,0,0,0,0,0,0,0,0,0,0,3079,0,0,0,0,1
2,39509,0,3909,0,0,0,0,0,6845,0,0,0,3664,0,0,32051,4228,0,25950,10482,0,0,0,0,0,0,0,0,0,0,0,3079,0,0,0,0,1
2,39509,0,3909,0,0,0,0,0,6845,0,0,0,3664,0,0,32051,4228,0,25950,10482,0,0,0,0,0,0,0,0,0,0,0,3079,0,0,0,0,1
2,39509,0,3909,0,0,0,0,0,6845,0,0,0,3664,0,0,32051,4228,0,25950,10482,0,0,0,0,0,0,0,0,0,0,0,3079,0,0,0,0,1
2,39509,0,3909,0,0,0,0,0,6845,0,0,0,3664,0,0,32051,4228,0,25950,10482,0,0,0,0,0,0,0,0,0,0,0,3079,0,0,0,0,1
2,39509,0,3909,0,0,0,0,0,6845,0,0,0,3664,0,0,32051,4228,0,25950,10482,0,0,0,0,0,0,0,0,0,0,0,3079,0,0,0,0,1
2,39509,0,3909,0,0,0,0,0,6845,0,0,0,3664,0,0,32051,4228,0,25950,10482,0,0,0,0,0,0,0,0,0,0,0,3079,0,0,0,0,1
2,39509,0,3909,0,0,0,0,0,6845,0,0,0,3664,0,0,32051,4228,0,25950,10482,0,0,0,0,0,0,0,0,0,0,0,3079,0,0,0,0,1
2,39509,0,3909,0,0,0,0,0,6845,0,0,0,3664,0,0,32051,4228,0,25950,10482,0,0,0,0,0,0,0,0,0,0,0,3079,0,0,0,0,1
2,39509,0,3909,0,0,0,0,0,6845,0,0,0,3664,0,0,32051,4228,0,25950,10482,0,0,0,0,0,0,0,0,0,0,0,3079,0,0,0,0,1
2,39509,0,3909,0,0,0,0,0,6845,0,0,0,3664,0,0,32051,4228,0,25950,10482,0,0,0,0,0,0,0,0,0,0,0,3079,0,0,0,0,1
2,39509,0,3909,0,0,0,0,0,6845,0,0,0,3664,0,0,32051,4228,0,25950,10482,0,0,0,0,0,0,0,0,0,0,0,3079,0,0,0,0,1
2,39509,0,3909,0,0,0,0,0,6845,0,0,0,3664,0,0,32051,4228,0,25950,10482,0,0,0,0,0,0,0,0,0,0,0,3079,0,0,0,0,1
2,39509,0,3909,0,0,0,0,0,6845,0,0,0,3664,0,0,32051,4228,0,25950,10482,0,0,0,0,0,0,0,0,0,0,0,3079,0,0,0,0,1
2,39509,0,3909,0,0,0,0,0,6845,0,0,0,3664,0,0,32051,4228,0,25950,10482,0,0,0,0,0,0,0,0,0,0,0,3079,0,0,0,0,1
3,39509,0,3909,0,0,0,0,0,6845,0,0,0,3664,0,0,32051,4228,0,25950,10482,0,0,0,0,0,0,0,0,0,0,0,3079,0,0,0,0,1
3,39509,0,3909,0,0,0,0,0,6845,0,0,0,3664,0,0,32051,4228,0,25950,10482,0,0,0,0,0,0,0,0,0,0,0,3079,0,0,0,0,1
3,39509,0,3909,0,0,0,0,0,6845,0,0,0,3664,0,0,32051,4228,0,25950,10482,0,0,0,0,0,0,0,0,0,0,0,3079,0,0,0,0,1
3,39509,0,3909,0,0,0,0,0,6845,0,0,0,3664,0,0,32051,4228,0,25950,10482,0,0,0,0,0,0,0,0,0,0,0,3079,0,0,0,0,1
3,39509,0,3909,0,0,0,0,0,6845,0,0,0,3664,0,0,32051,4228,0,25950,10482,0,0,0,0,0,0,0,0,0,0,1324,3079,0,0,0,0,1
3,39509,0,3909,0,0,0,0,0,6845,0,0,0,3664,0,0,32051,4228,0,25950,10482,0,0,0,0,0,0,0,0,0,0,1324,3079,0,0,0,0,1
3,39509,0,3909,0,0,0,0,0,6845,0,0,0,3664,0,0,32051,4228,0,25950,10482,0,0,0,0,0,0,0,0,0,0,1324,3079,0,0,0,0,1
3,39509,0,3909,0,0,0,0,0,6845,0,0,0,3664,0,0,32051,4228,0,25950,10482,0,0,0,0,0,0,0,0,0,0,1324,3079,0,0,0,0,1
3,39509,0,3909,0,0,0,0,0,6845,0,0,0,3664,0,0,32051,4228,0,25950,10482,0,0,0,0,0,0,0,0,0,0,1324,3079,0,0,0,0,1
3,39509,0,3909,0,0,0,0,0,6845,0,0,0,3664,0,0,32051,4228,0,25950,10482,0,0,0,0,0,0,0,0,0,0,1324,3079,0,0,0,0,1
3,39509,0,3909,0,0,0,0,0,6845,0,0,0,3664,0,0,32051,4228,0,25950,10482,0,0,0,0,0,0,0,0,0,0,1324,3079,0,0,0,0,1
3,39509,0,3909,0,0,0,0,0,6845,0,0,0,3664,0,0,32051,4228,0,25950,10482,0,0,0,0,0,0,0,0,0,0,1324,3079,0,0,0,0,1
3,39509,0,3909,0,0,0,0,0,6845,0,0,0,3664,0,0,32051,4228,0,25950,10482,0,0,0,0,0,0,0,0,0,0,1324,3079,0,0,0,0,1
3,39509,0,3909,0,0,0,0,0,6845,0,0,0,3664,0,0,32051,4228,0,25950,10482,0,0,0,0,0,0,0,0,0,0,1324,3079,0,0,0,0,1
3,39509,0,3909,0,0,0,0,0,6845,0,0,0,3664,0,0,32051,4228,0,25950,10482,0,0,0,0,0,0,0,0,0,0,1324,3079,0,0,0,0,1
3,39509,0,3909,0,0,0,0,0,6845,0,0,0,3664,0,0,32051,4228,0,25950,10482,0,0,0,0,0,0,0,0,0,0,1324,3079,0,0,0,0,1
3,39509,0,3909,0,0,0,0,0,6845,0,0,0,3664,0,0,32051,4228,0,25950,10482,0,0,0,0,0,0,0,0,0,0,1324,3079,0,0,0,0,1
3,39509,0,3909,0,0,0,0,0,6845,0,0,0,3664,0,0,32051,4228,0,25950,10482,0,0,0,0,0,0,0,0,0,0,1324,3079,0,0,0,0,1
3,39509,0,3909,0,0,0,0,0,6845,0,0,0,3664,0,0,32051,4228,0,25950,10482,0,0,0,0,0,0,0,0,0,0,1324,3079,0,0,0,0,1
3,39509,0,3909,0,0,0,0,0,6845,0,0,0,3664,0,0,32051,4228,0,25950,10482,0,0,0,0,0,0,0,0,0,0,1324,3079,0,0,0,0,1
3,39509,0,3909,0,0,0,0,0,6845,0,0,0,3664,0,0,32051,4228,0,25950,10482,0,0,0,0,0,0,0,0,0,0,1324,3079,0,0,0,0,1
3,39509,0,3909,0,0,0,0,0,6845,0,0,0,3664,0,0,32051,4228,0,25950,10482,0,0,0,0,0,0,0,0,0,0,1324,3079,0,0,0,0,1
3,39509,0,3909,0,0,0,0,0,6845,0,0,0,3664,0,0,32051,4228,0,25950,10482,0,0,0,0,0,0,0,0,0,0,1324,3079,0,0,0,0,1
3,39509,0,3909,0,0,0,0,0,6845,0,0,0,3664,0,0,32051,4228,0,25950,10482,0,0,0,0,0,0,0,0,0,0,1324,3079,0,0,0,0,1
3,39509,0,3909,0,0,0,0,0,6845,0,0,0,3664,0,0,32051,4228,0,25950,10482,0,0,0,0,0,0,0,0,0,0,1324,3079,0,0,0,0,1
3,39509,0,3909,0,0,0,0,0,6845,0,0,0,3664,0,0,32051,4228,0,25950,10482,0,0,0,0,0,65537,0,0,0,0,1324,4541,0,0,0,0,1
3,39509,0,3909,0,0,0,0,0,6845,0,0,0,3664,0,0,32051,4228,0,25950,10482,0,0,0,0,0,65537,41,0,0,0,1324,0,7368,0,0,0,1
3,39509,0,3909,0,0,0,0,0,6845,0,0,0,3664,0,0,32051,4228,0,25950,10482,0,0,0,0,0,65537,41,0,0,0,1324,0,7368,0,0,0,1
3,39509,0,3909,0,0,0,0,0,6845,0,0,0,3664,0,0,32051,4228,0,25950,10482,0,0,0,0,0,65537,41,0,0,0,1324,0,7368,0,0,0,1
3,39509,0,3909,0,0,0,0,0,6845,0,0,0,3664,0,0,32051,4228,0,25950,10482,0,0,0,0,0,65537,41,0,0,0,1324,0,7368,0,0,0,1
3,39509,0,3909,0,0,0,0,0,6845,0,0,0,3664,0,0,32051,4228,0,25950,10482,0,0,0,0,0,65537,41,0,0,0,1324,0,7368,0,0,0,1
3,39509,0,3909,0,0,0,0,0,6845,0,0,0,3664,0,0,32051,4228,0,25950,10482,0,0,0,0,0,65537,41,0,0,0,1324,0,7368,0,0,0,1
3,39509,0,3909,0,0,0,0,0,6845,0,0,0,3664,0,0,32051,4228,0,25950,10482,0,0,0,0,0,65537,41,0,0,65537,1324,0,7368,0,0,0,1
3,39509,0,3909,0,0,0,0,0,6845,0,0,0,3664,0,0,32051,4228,0,25950,10482,0,0,0,0,0,65537,41,0,33072,31284,1324,0,7368,0,0,0,1
3,39509,0,3909,0,0,0,0,0,6845,0,0,0,3664,0,0,32051,4228,0,25950,10482,0,0,0,0,0,65537,41,0,33072,31284,1324,0,7368,0,0,0,1
3,39509,0,3909,0,0,0,0,0,6845,0,0,0,3664,0,0,32051,4228,0,25950,10482,0,0,0,0,0,65537,41,0,33072,31284,1324,0,7368,0,0,0,1
3,39509,0,3909,0,0,0,0,0,6845,0,0,0,3664,0,0,32051,4228,0,25950,10482,0,0,0,0,0,65537,41,0,33072,31284,1324,0,7368,0,0,0,1
3,39509,0,3909,0,0,0,0,0,6845,0,0,0,3664,0,0,32051,4228,0,25950,10482,0,0,0,0,0,65537,41,0,33072,31284,1324,0,7368,0,0,0,1
3,39509,0,3909,0,0,0,0,0,6845,0,0,0,3664,0,0,32051,4228,0,25950,10482,0,0,0,0,0,65537,41,0,33072,31284,1324,0,7368,0,0,0,1
3,39509,0,3909,0,0,0,0,0,6845,0,0,0,3664,0,0,32051,4228,0,25950,10482,0,0,0,0,0,65537,41,0,33072,31284,1324,0,7368,0,0,0,1
3,39509,0,3909,0,0,0,0,0,6845,0,0,0,3664,0,0,32051,4228,0,25950,10482,0,0,0,0,0,65537,41,0,33072,31284,1324,0,7368,0,0,0,1
3,39509,0,3909,0,0,0,0,0,6845,0,0,0,3664,0,0,32051,4228,0,25950,10482,0,0,0,0,0,65537,41,0,33072,31284,1324,0,7368,0,0,0,1
3,39509,0,3909,0,0,0,0,0,6845,0,0,0,3664,0,0,32051,4228,0,25950,10482,0,0,0,0,0,65537,41,0,33072,31284,1324,0,7368,0,0,0,1
3,39509,0,3909,0,0,0,0,0,6845,0,0,0,3664,0,0,32051,4228,0,25950,10482,0,0,0,0,0,65537,41,0,33072,31284,1324,0,7368,0,0,0,1
3,39509,0,3909,0,0,0,0,0,6845,0,0,0,3664,0,0,32051,4228,0,25950,10482,0,0,0,0,0,65537,41,0,33072,31284,1324,0,7368,0,0,0,1
3,39509,0,3909,0,0,0,0,0,6845,0,0,0,3664,0,0,32051,4228,0,25950,10482,0,0,0,0,0,65537,0,0,33072,31284,11903,0,7368,0,0,0,1
3,39509,0,3909,0,0,0,0,0,6845,0,0,0,3664,0,0,32051,4228,0,25950,10482,0,0,0,0,0,65537,0,0,33072,31284,11903,0,7368,0,0,0,1
3,39509,0,3909,0,0,0,0,0,6845,0,0,0,3664,0,0,32051,4228,0,25950,10482,0,0,0,0,0,65537,0,0,33072,31284,11903,0,7368,0,0,0,1
3,39509,0,3909,0,0,0,0,0,6845,0,0,0,3664,0,0,32051,4228,0,25950,10482,0,0,0,0,0,65537,0,0,33072,31284,11903,0,7368,0,0,0,1
3,39509,0,3909,0,0,0,0,0,6845,0,0,0,3664,0,0,32051,4228,0,25950,10482,0,0,0,0,0,65537,0,0,0,31284,11903,0,7368,0,0,0,1
3,39509,0,3909,0,0,0,0,0,6845,0,0,0,3664,0,0,32051,4228,0,25950,10482,0,43118,0,0,0,65537,0,0,0,31284,11903,0,7368,0,0,0,1
3,39509,0,3909,0,0,0,0,0,6845,0,0,0,3664,0,0,0,4228,0,25950,10482,0,43118,0,0,0,65537,0,0,0,31284,11903,0,7368,0,0,0,1
3,39509,0,3909,0,0,0,0,0,6845,0,65537,0,3664,0,0,56876,4228,0,25950,10482,0,43118,0,0,0,65537,0,0,0,31284,11903,0,7368,0,0,0,1
3,39509,0,3909,0,0,0,0,0,6845,0,37199,0,3664,0,0,0,4228,0,25950,10482,0,43118,0,0,0,65537,0,0,0,31284,11903,0,7368,0,0,0,1
3,39509,0,3909,0,0,0,0,0,6845,0,37199,0,3664,0,0,0,4228,0,25950,10482,0,43118,0,0,0,65537,0,0,0,31284,11903,0,7368,0,0,0,1
3,39509,0,3909,0,0,0,0,0,6845,0,37199,0,3664,0,0,0,4228,0,25950,10482,0,43118,0,0,0,65537,0,0,0,31284,11903,0,7368,0,0,0,1
3,39509,0,3909,0,0,0,0,0,6845,0,37199,0,3664,0,0,0,4228,0,25950,10482,0,43118,0,0,0,65537,0,0,0,31284,11903,0,7368,0,0,0,1
3,39509,0,3909,0,0,0,0,0,6845,0,37199,0,3664,0,0,0,4228,0,25950,10482,0,43118,0,0,0,65537,0,0,0,31284,11903,0,7368,0,0,0,1
3,39509,0,3909,0,0,0,0,0,6845,0,37199,1161,3664,0,0,0,4228,0,25950,10482,0,43118,0,0,0,65537,0,0,0,0,11903,0,7368,0,0,0,1
3,39509,0,3909,0,0,0,0,0,6845,0,37199,1161,3664,0,0,0,4228,0,25950,10482,0,43118,0,0,0,65537,0,0,0,0,11903,0,7368,0,0,0,1
3,39509,0,3909,0,0,0,0,0,6845,0,37199,1161,3664,0,0,0,4228,0,25950,10482,0,43118,0,0,0,65537,0,0,0,0,11903,0,7368,0,0,0,1
3,39509,0,3909,0,0,0,0,0,6845,0,37199,1161,3664,0,0,0,4228,0,25950,10482,0,43118,0,0,0,65537,0,0,0,0,11903,0,7368,0,0,0,1
3,39509,0,3909,0,0,0,0,0,6845,0,37199,1161,3664,0,0,0,4228,0,25950,10482,0,43118,0,0,0,65537,0,0,0,0,11903,0,7368,0,0,0,1
3,39509,0,3909,0,0,0,0,0,6845,0,37199,1161,3664,0,0,0,4228,0,25950,10482,0,0,0,0,0,65537,0,0,0,0,11903,0,7368,0,0,0,1
3,39509,0,3909,0,0,0,0,0,6845,0,37199,1161,3664,0,0,0,4228,0,25950,10482,0,0,0,0,0,65537,0,0,0,0,11903,0,7368,0,0,0,1
3,39509,0,3909,0,0,0,0,0,6845,0,37199,1161,3664,0,0,0,4228,0,25950,10482,0,0,0,0,0,65537,0,0,0,0,11903,0,7368,0,0,0,1
3,39509,0,3909,0,0,0,0,0,6845,0,37199,1161,3664,0,0,0,4228,0,25950,10482,0,0,0,0,0,65537,0,0,0,0,11903,0,7368,0,0,0,1
3,39509,0,3909,0,0,0,0,0,6845,0,37199,1161,3664,0,0,0,4228,0,25950,10482,0,0,0,0,0,65537,0,0,0,0,11903,0,7368,0,0,0,1
3,39509,0,3909,0,0,0,0,0,6845,0,37199,1161,3664,0,0,0,4228,0,25950,10482,0,0,0,0,0,65537,0,0,0,0,11903,0,7368,0,0,0,1
3,39509,0,3909,0,0,0,0,0,6845,0,37199,1161,3664,0,0,0,4228,0,25950,10482,0,0,0,0,0,65537,0,0,0,0,11903,0,7368,0,0,0,1
3,39509,0,3909,0,0,0,0,0,6845,0,37199,1161,3664,0,0,0,4228,0,25950,10482,0,0,0,0,0,65537,0,0,0,0,11903,0,7368,0,0,0,1
3,39509,0,3909,0,0,0,0,0,6845,0,37199,1161,3664,0,0,0,4228,0,25950,10482,0,0,0,0,0,65537,0,0,0,0,11903,0,7368,0,0,0,1
3,39509,0,3909,0,0,0,0,0,6845,0,37199,1161,3664,0,0,0,4228,0,25950,10482,0,0,0,0,0,65537,0,0,0,0,11903,0,7368,0,0,0,1
3,39509,0,3909,0,0,0,0,0,6845,0,37199,1161,3664,0,0,0,4228,0,25950,10482,0,0,0,0,0,65537,0,0,0,0,11903,0,7368,0,0,0,1
3,39509,0,3909,0,0,0,0,0,6845,0,37199,1161,3664,0,0,0,4228,0,25950,10482,0,0,0,0,0,65537,0,0,0,0,11903,0,7368,0,0,0,1
3,39509,0,3909,0,0,0,0,0,6845,0,37199,1161,3664,0,0,0,4228,0,25950,10482,0,0,0,0,0,65537,0,0,0,0,11903,0,7368,0,0,0,1
3,39509,0,3909,0,0,0,0,0,6845,0,37199,1161,3664,0,0,0,4228,0,25950,10482,0,0,0,0,0,65537,0,0,0,0,11903,0,7368,0,0,0,1
3,39509,0,3909,0,0,0,0,0,6845,0,37199,1161,3664,0,0,0,4228,0,25950,10482,0,0,0,0,0,65537,0,0,0,0,11903,0,7368,0,0,0,1
3,39509,0,3909,0,0,0,0,0,6845,0,37199,1161,3664,0,0,0,4228,0,25950,10482,0,0,0,0,0,65537,0,0,0,0,11903,0,7368,0,0,0,1
3,39509,0,3909,0,0,0,0,0,6845,0,37199,1161,3664,0,0,0,4228,0,25950,10482,0,0,0,0,0,65537,0,0,0,0,11903,0,7368,0,0,0,1
3,39509,0,3909,0,0,0,0,0,6845,0,37199,1161,3664,0,0,0,4228,0,25950,10482,0,0,0,0,0,65537,0,0,0,0,11903,0,7368,0,0,0,1
3,39509,0,3909,0,0,0,0,0,6845,0,37199,1161,3664,0,0,0,4228,0,25950,10482,0,0,0,0,0,65537,0,0,0,0,11903,0,7368,0,0,0,1
3,39509,0,3909,0,0,0,0,0,0,0,37199,1161,3664,0,0,0,4228,0,25950,10482,0,0,0,0,0,65537,0,0,0,0,11903,0,7368,0,0,0,1
3,39509,0,3909,0,0,0,0,0,0,0,37199,1161,3664,0,0,0,4228,0,25950,10482,0,0,0,0,0,65537,0,0,0,0,11903,0,7368,0,0,0,1
3,39509,0,3909,0,0,0,0,0,0,0,37199,1161,3664,0,0,0,4228,0,25950,10482,0,0,0,0,0,65537,0,0,0,0,11903,0,7368,0,0,0,1
3,39509,0,3909,0,0,0,0,0,0,0,37199,1161,3664,0,0,0,4228,0,25950,10482,0,0,0,0,0,65537,0,0,0,0,11903,0,7368,0,0,0,1
3,39509,0,3909,0,0,0,0,0,0,0,37199,1161,3664,0,0,0,4228,0,25950,10482,0,0,0,0,0,65537,0,0,0,0,11903,0,7368,0,0,0,1
3,39509,0,3909,0,0,0,0,0,0,0,37199,1161,3664,0,0,0,4228,0,25950,10482,0,0,0,0,0,65537,0,0,0,0,11903,0,7368,0,0,0,1
3,39509,0,3909,0,0,0,0,0,0,0,37199,1161,3664,0,0,0,4228,0,25950,10482,0,0,0,0,0,65537,0,0,0,0,11903,0,7368,0,0,0,1
3,39509,0,3909,0,0,0,0,0,0,0,37199,1161,3664,0,0,0,4228,0,25950,10482,0,0,0,0,0,65537,0,0,0,0,11903,0,7368,0,0,0,1
3,39509,0,3909,0,0,0,0,0,0,0,37199,1161,3664,0,0,0,4228,0,25950,10482,0,0,0,0,0,65537,0,0,0,0,11903,0,7368,0,0,0,1
3,39509,0,3909,0,0,0,0,0,0,0,37199,1161,3664,0,0,0,4228,0,25950,10482,0,0,0,0,0,65537,0,0,0,0,11903,0,7368,0,0,0,1
3,39509,0,3909,0,0,0,0,0,0,0,37199,1161,3664,0,0,0,4228,0,25950,10482,0,0,0,0,0,65537,0,0,0,0,11903,0,7368,0,0,0,1
3,39509,0,3909,0,0,0,0,0,0,0,37199,1161,3664,0,0,0,4228,0,25950,10482,0,0,0,0,0,65537,0,0,0,0,11903,0,7368,0,0,0,1
3,39509,0,3909,0,0,0,0,0,0,0,37199,1161,3664,0,0,0,4228,0,25950,10482,0,0,0,0,0,65537,0,0,0,0,11903,0,7368,0,0,0,1
3,39509,0,3909,0,0,0,0,0,0,0,37199,1161,3664,0,0,0,4228,0,25950,10482,0,0,0,0,0,65537,0,0,0,0,11903,0,7368,0,0,0,1
3,39509,0,3909,0,0,0,0,0,0,0,37199,1161,3664,0,0,0,4228,0,25950,10482,0,0,0,0,0,65537,0,0,0,0,11903,0,7368,0,0,0,1
3,39509,0,3909,0,0,0,0,0,0,0,37199,1161,3664,0,0,0,4228,0,25950,10482,0,0,0,0,0,65537,0,0,0,0,11903,0,7368,0,0,0,1
3,39509,0,3909,0,0,0,0,0,0,0,37199,1161,3664,0,0,0,4228,0,25950,10482,0,0,0,0,0,65537,0,0,0,0,11903,0,7368,0,0,0,1
3,39509,0,3909,0,0,0,0,0,0,0,37199,1161,3664,0,0,0,4228,0,25950,10482,0,0,0,0,0,65537,0,0,0,0,11903,0,7368,0,0,0,1
3,39509,0,3909,0,0,0,0,0,0,0,37199,1161,3664,0,0,0,4228,0,25950,10482,0,0,0,0,0,65537,0,0,0,0,11903,0,7368,0,0,0,1
3,39509,0,3909,0,0,0,0,0,0,0,37199,1161,3664,0,0,0,4228,0,25950,10482,0,0,0,0,0,65537,0,0,0,0,11903,0,7368,0,0,0,1
3,39509,0,3909,0,0,0,0,0,0,0,37199,1161,3664,0,0,0,4228,0,25950,10482,0,0,0,0,0,65537,0,0,0,0,11903,0,7368,0,0,0,1
3,39509,0,3909,0,0,0,0,0,0,0,37199,1161,3664,0,0,0,4228,0,25950,10482,0,0,0,0,0,65537,0,0,0,0,11903,0,7368,0,0,0,1
3,39509,0,3909,0,0,0,0,0,0,0,37199,1161,3664,0,0,0,4228,0,25950,10482,0,0,0,0,0,65537,0,0,0,0,11903,0,7368,0,0,0,1
3,39509,0,3909,0,0,0,0,0,0,0,37199,1161,3664,0,0,0,4228,0,25950,10482,0,0,0,0,0,65537,0,0,0,0,11903,0,7368,0,0,0,1
3,39509,0,3909,0,0,0,0,0,0,0,37199,1161,3664,0,0,0,4228,0,25950,10482,0,0,0,0,0,65537,0,0,0,0,11903,0,7368,0,0,0,1
3,39509,0,3909,0,0,0,0,0,0,0,37199,1161,3664,0,0,0,4228,0,25950,10482,0,0,0,0,0,65537,0,0,0,0,11903,0,7368,0,0,0,1
3,39509,0,3909,0,0,0,0,0,0,0,37199,1161,3664,0,0,0,4228,0,25950,10482,0,0,0,0,0,65537,0,0,0,0,11903,0,7368,0,0,0,1
3,39509,0,3909,0,0,0,0,0,0,0,37199,1161,3664,0,0,0,4228,0,25950,10482,0,0,0,0,0,65537,0,0,0,0,11903,0,7368,0,0,0,1
3,39509,0,3909,0,0,0,0,0,0,0,37199,1161,3664,0,0,0,4228,0,25950,10482,0,0,0,0,0,65537,0,0,0,0,11903,0,7368,0,0,0,1
3,39509,0,3909,0,0,0,0,0,0,0,37199,1161,3664,0,0,0,4228,0,25950,10482,0,0,0,0,0,65537,0,0,0,0,11903,0,7368,0,0,0,1
3,39509,0,3909,0,0,0,0,0,0,0,37199,1161,3664,0,0,0,4228,0,25950,10482,0,0,0,0,0,65537,0,0,0,0,11903,0,7368,0,0,0,1
3,39509,0,3909,0,0,0,0,0,0,0,37199,1161,3664,0,0,0,4228,0,25950,10482,0,0,0,0,0,65537,0,0,0,0,11903,0,7368,0,0,0,1
3,39509,0,3909,0,0,0,0,0,0,0,37199,1161,3664,0,0,0,4228,0,25950,10482,0,0,0,0,0,65537,0,0,0,0,11903,0,7368,0,0,0,1
3,39509,0,3909,0,0,0,0,0,0,0,37199,1161,3664,0,0,0,4228,0,25950,10482,0,0,0,0,0,65537,0,0,0,0,11903,0,7368,0,0,0,1
3,39509,0,3909,0,0,0,0,0,0,0,37199,1161,3664,0,0,0,4228,0,25950,10482,0,0,0,0,0,65537,0,0,0,0,11903,0,7368,0,0,0,1
3,39509,0,3909,0,0,0,0,0,0,0,37199,1161,3664,0,0,0,4228,0,25950,10482,0,0,0,0,0,65537,0,0,0,0,11903,0,7368,0,0,0,1
3,39509,0,3909,0,0,0,0,0,0,0,37199,1161,3664,0,0,0,4228,0,25950,10482,0,0,0,0,0,65537,0,0,0,0,11903,0,7368,0,0,0,1
3,39509,0,3909,0,0,0,0,0,0,0,37199,1161,3664,0,0,0,4228,0,25950,10482,0,0,0,0,0,65537,0,0,0,0,11903,0,7368,0,0,0,1
3,39509,0,3909,0,0,0,0,0,0,0,37199,1161,3664,0,0,0,4228,0,25950,10482,0,0,0,0,0,65537,0,0,0,0,11903,0,7368,0,0,0,1
3,39509,0,3909,0,0,0,0,0,0,0,37199,1161,3664,0,0,0,4228,0,25950,10482,0,0,0,0,0,65537,0,0,0,0,11903,0,7368,0,0,0,1
3,39509,0,3909,0,0,0,0,0,0,0,37199,1161,3664,0,0,0,4228,0,25950,10482,0,0,0,0,0,65537,0,0,0,0,11903,0,7368,0,0,0,1
3,39509,0,3909,0,0,0,0,0,0,0,37199,1161,3664,0,0,0,4228,0,25950,10482,0,0,0,0,0,65537,0,0,0,0,11903,0,7368,0,0,0,1
3,39509,0,3909,0,0,0,0,0,0,0,37199,1161,3664,0,0,0,4228,0,25950,10482,0,0,0,0,0,65537,0,0,0,0,11903,0,7368,0,0,0,1
3,39509,0,3909,0,0,0,0,0,0,0,37199,1161,3664,0,0,0,4228,0,25950,10482,0,0,0,0,0,65537,0,0,0,0,11903,0,7368,0,0,0,1
3,39509,0,3909,0,0,0,0,0,0,0,37199,1161,3664,0,0,0,4228,0,25950,10482,0,0,0,0,0,65537,0,0,0,0,11903,0,7368,0,0,0,1
3,39509,0,3909,0,0,0,0,0,0,0,37199,1161,3664,0,0,0,4228,0,25950,10482,0,0,0,0,0,65537,0,0,0,0,11903,0,7368,0,0,0,1
3,39509,0,3909,0,0,0,0,0,0,0,37199,1161,3664,0,0,0,4228,0,25950,10482,0,0,0,0,0,65537,0,0,0,0,11903,0,7368,0,0,0,1
3,39509,0,3909,0,0,0,0,0,0,0,37199,1161,3664,0,0,0,4228,0,25950,10482,0,0,0,0,0,65537,0,0,0,0,11903,0,7368,0,0,0,1
3,39509,0,3909,0,0,0,0,0,0,0,37199,1161,3664,0,0,0,4228,0,25950,10482,0,0,0,0,0,65537,0,0,0,0,11903,0,7368,0,0,0,1
3,39509,0,3909,0,0,0,0,0,0,0,37199,1161,3664,0,0,0,4228,0,25950,10482,0,0,0,0,0,65537,0,0,0,0,11903,0,7368,0,0,0,1
3,39509,0,3909,0,0,0,0,0,0,0,37199,1161,3664,0,0,0,4228,0,25950,10482,0,0,0,0,0,65537,0,0,0,0,11903,0,7368,0,0,0,1
3,39509,0,3909,0,0,0,0,0,0,0,37199,1161,3664,0,0,0,4228,0,25950,10482,0,0,0,0,0,65537,0,0,0,0,11903,0,7368,0,0,0,1
3,39509,0,3909,0,0,0,0,0,0,0,37199,1161,3664,0,0,0,4228,0,25950,10482,0,0,0,0,0,65537,0,0,0,0,11903,0,7368,0,0,0,1
3,39509,0,3909,0,0,0,0,0,0,0,37199,1161,3664,0,0,0,4228,0,25950,10482,0,0,0,0,0,65537,0,0,0,0,11903,0,7368,0,0,0,1
3,39509,0,3909,0,0,0,0,0,0,0,37199,1161,3664,0,0,0,4228,0,25950,10482,0,0,0,0,0,65537,0,0,0,0,11903,0,7368,0,0,0,1
3,39509,0,3909,0,0,0,0,0,0,0,37199,1161,3664,0,0,0,4228,0,25950,10482,0,0,0,0,0,65537,0,0,0,0,11903,0,7368,0,0,0,1
3,39509,0,3909,0,0,0,0,0,0,0,37199,1161,3664,0,0,0,4228,0,25950,10482,0,0,0,0,0,65537,0,0,0,0,11903,0,7368,0,0,0,1
3,39509,0,3909,0,0,0,0,0,0,0,37199,1161,3664,0,0,0,4228,0,25950,10482,0,0,0,0,0,65537,0,0,0,0,11903,0,7368,0,0,0,1
3,39509,0,3909,0,0,0,0,0,0,0,37199,1161,3664,0,0,0,4228,0,25950,10482,0,0,0,0,0,65537,0,0,0,0,11903,0,7368,0,0,0,1
3,39509,0,3909,0,0,0,0,0,0,0,37199,1161,3664,0,0,0,4228,0,25950,10482,0,0,0,0,0,65537,0,0,0,0,11903,0,7368,0,0,0,1
3,39509,0,3909,0,0,0,0,0,0,0,37199,1161,3664,0,0,0,4228,0,25950,10482,0,0,0,0,0,65537,0,0,0,0,11903,0,7368,0,0,0,1
3,39509,0,3909,0,0,0,0,0,0,0,37199,1161,3664,0,0,0,4228,0,25950,10482,0,0,0,0,0,65537,0,0,0,0,11903,0,7368,0,0,0,1
3,39509,0,3909,0,0,0,0,0,0,0,37199,1161,3664,0,0,0,4228,0,25950,10482,0,0,0,0,0,65537,0,0,0,0,11903,0,7368,0,0,0,1
3,39509,0,3909,0,0,0,0,0,0,0,37199,1161,3664,0,0,0,4228,0,25950,10482,0,0,0,0,0,65537,0,0,0,0,11903,0,7368,0,0,0,1
3,39509,0,3909,0,0,0,0,0,0,0,37199,1161,3664,0,0,0,4228,0,25950,10482,0,0,0,0,0,65537,0,0,0,0,11903,0,7368,0,0,0,1
3,39509,0,3909,0,0,0,0,0,0,0,37199,1161,3664,0,0,0,4228,0,25950,10482,0,0,0,0,0,65537,0,0,0,0,11903,0,7368,0,0,0,1
3,39509,0,3909,0,0,0,0,0,0,0,37199,1161,3664,0,0,0,4228,0,25950,10482,0,0,0,0,0,65537,0,0,0,0,11903,0,7368,0,0,0,1
3,39509,0,3909,0,0,0,0,0,0,0,37199,1161,3664,0,0,0,4228,0,25950,10482,0,0,0,0,0,65537,0,0,0,0,11903,0,7368,0,0,0,1
3,39509,0,3909,0,0,0,0,0,0,0,37199,1161,3664,0,0,0,4228,0,25950,10482,0,0,0,0,0,65537,0,0,0,0,11903,0,7368,0,0,0,1
3,39509,0,3909,0,0,0,0,0,0,0,37199,1161,3664,0,0,0,4228,0,25950,10482,0,0,0,0,0,65537,0,0,0,0,11903,0,7368,0,0,0,1
3,39509,0,3909,0,0,0,0,0,0,0,37199,1161,3664,0,0,0,4228,0,25950,10482,0,0,0,0,0,65537,0,0,0,0,11903,0,7368,0,0,0,1
3,39509,0,3909,0,0,0,0,0,0,0,37199,1161,3664,0,0,0,4228,0,25950,10482,0,0,0,0,0,65537,0,0,0,0,11903,0,7368,0,0,0,1
3,39509,0,3909,0,0,0,0,0,0,0,37199,1161,3664,0,0,0,4228,0,25950,10482,0,0,0,0,0,65537,0,0,0,0,11903,0,7368,0,0,0,1
3,39509,0,3909,0,0,0,0,0,0,0,37199,1161,3664,0,0,0,4228,0,25950,10482,0,0,0,0,0,65537,0,0,0,0,11903,0,7368,0,0,0,1
3,39509,0,3909,0,0,0,0,0,0,0,37199,1161,3664,0,0,0,4228,0,25950,10482,0,0,0,0,0,65537,0,0,0,0,11903,0,7368,0,0,0,1
3,39509,0,3909,0,0,0,0,0,0,0,37199,1161,3664,0,0,0,4228,0,25950,10482,0,0,0,0,0,65537,0,0,0,0,11903,0,7368,0,0,0,1
3,39509,0,3909,0,0,0,0,0,0,0,37199,1161,3664,0,0,0,4228,0,25950,10482,0,0,0,0,0,65537,0,0,0,0,11903,0,7368,0,0,0,1
3,39509,0,3909,0,0,0,0,0,0,0,37199,1161,3664,0,0,0,4228,0,25950,10482,0,0,0,0,0,65537,0,0,0,0,11903,0,7368,0,0,0,1
3,39509,0,3909,0,0,0,0,0,0,0,37199,1161,3664,0,0,0,4228,0,25950,10482,0,0,0,0,0,65537,0,0,0,0,11903,0,7368,0,0,0,1
3,39509,0,3909,0,0,0,0,0,0,0,37199,1161,3664,0,0,0,4228,0,25950,10482,0,0,0,0,0,65537,0,0,0,0,11903,0,7368,0,0,0,1
3,39509,0,3909,0,0,0,0,0,0,0,37199,1161,3664,0,0,0,4228,0,25950,10482,0,0,0,0,0,65537,0,0,0,0,11903,0,7368,0,0,0,1
3,39509,0,3909,0,0,0,0,0,0,0,37199,1161,3664,0,0,0,4228,0,25950,10482,0,0,0,0,0,65537,0,0,0,0,11903,0,7368,0,0,0,1
3,39509,0,3909,0,0,0,0,0,0,0,37199,1161,3664,0,0,0,4228,0,25950,10482,0,0,0,0,0,65537,0,0,0,0,11903,0,7368,0,0,0,1
3,39509,0,3909,0,0,0,0,0,0,0,37199,1161,3664,0,0,0,4228,0,25950,10482,0,0,0,0,0,65537,0,0,0,0,11903,0,7368,0,0,0,1
3,39509,0,3909,0,0,0,0,0,0,0,37199,1161,3664,0,0,0,4228,0,25950,10482,0,0,0,0,0,65537,0,0,0,0,11903,0,7368,0,0,0,1
3,39509,0,3909,0,0,0,0,0,0,0,37199,1161,3664,0,0,0,4228,0,25950,10482,0,0,0,0,0,65537,0,0,0,0,11903,0,7368,0,0,0,1
3,39509,0,3909,0,0,0,0,0,0,0,37199,1161,3664,0,0,0,4228,0,25950,10482,0,0,0,0,0,65537,0,0,0,0,11903,0,7368,0,0,0,1
3,39509,0,3909,0,0,0,0,0,0,0,37199,1161,3664,0,0,0,4228,0,25950,10482,0,0,0,0,0,65537,0,0,0,0,11903,0,7368,0,0,0,1
3,39509,0,3909,0,0,0,0,0,0,0,37199,1161,3664,0,0,0,4228,0,25950,10482,0,0,0,0,0,65537,0,0,0,0,11903,0,7368,0,0,0,1
3,39509,0,3909,0,0,0,0,0,0,0,37199,1161,3664,0,0,0,4228,0,25950,10482,0,0,0,0,0,65537,0,0,0,0,11903,0,7368,0,0,0,1
3,39509,0,3909,0,0,0,0,0,0,0,37199,1161,3664,0,0,0,4228,0,25950,10482,0,0,0,0,0,65537,0,0,0,0,11903,0,7368,0,0,0,1
3,39509,0,3909,0,0,0,0,0,0,0,37199,1161,3664,0,0,0,4228,0,25950,10482,0,0,0,0,0,65537,0,0,0,0,11903,0,7368,0,0,0,1
3,39509,0,3909,0,0,0,0,0,0,0,37199,1161,3664,0,0,0,4228,0,25950,10482,0,0,0,0,0,65537,0,0,0,0,11903,0,7368,0,0,0,1
3,39509,0,3909,0,0,0,0,0,0,0,37199,1161,3664,0,0,0,4228,0,25950,10482,0,0,0,0,0,65537,0,0,0,0,11903,0,7368,0,0,0,1
3,39509,0,3909,0,0,0,0,0,0,0,37199,1161,3664,0,0,0,4228,0,25950,10482,0,0,0,0,0,65537,0,0,0,0,11903,0,7368,0,0,0,1
3,39509,0,3909,0,0,0,0,0,0,0,37199,1161,3664,0,0,0,4228,0,25950,10482,0,0,0,0,0,65537,0,0,0,0,11903,0,7368,0,0,0,1
3,39509,0,3909,0,0,0,0,0,0,0,37199,1161,3664,0,0,0,4228,0,25950,10482,0,0,0,0,0,65537,0,0,0,0,11903,0,7368,0,0,0,1
3,39509,0,3909,0,0,0,0,0,0,0,37199,1161,3664,0,0,0,4228,0,25950,10482,0,0,0,0,0,65537,0,0,0,0,11903,0,7368,0,0,0,1
3,39509,0,3909,0,0,0,0,0,0,0,37199,1161,3664,0,0,0,4228,0,25950,10482,0,0,0,0,0,65537,0,0,0,0,11903,0,7368,0,0,0,1
3,39509,0,3909,0,0,0,0,0,0,0,37199,1161,3664,0,0,0,4228,0,25950,10482,0,0,0,0,0,65537,0,0,0,0,11903,0,7368,0,0,0,1
3,39509,0,3909,0,0,0,0,0,0,0,37199,1161,3664,0,0,0,4228,0,25950,10482,0,0,0,0,0,65537,0,0,0,0,11903,0,7368,0,0,0,1
3,39509,0,3909,0,0,0,0,0,0,0,37199,1161,3664,0,0,0,4228,0,25950,10482,0,0,0,0,0,65537,0,0,0,0,11903,0,7368,0,0,0,1
3,39509,0,3909,0,0,0,0,0,0,0,37199,1161,3664,0,0,0,4228,0,25950,10482,0,0,0,0,0,65537,0,0,0,0,11903,0,7368,0,0,0,1
3,39509,0,3909,0,0,0,0,0,0,0,37199,1161,3664,0,0,0,4228,0,25950,10482,0,0,0,0,0,65537,0,0,0,0,11903,0,7368,0,0,0,1
3,39509,0,3909,0,0,0,0,0,0,0,37199,1161,3664,0,0,0,4228,0,25950,10482,0,0,0,0,0,65537,0,0,0,0,11903,0,7368,0,0,0,1
3,39509,0,3909,0,0,0,0,0,0,0,37199,1161,3664,0,0,0,4228,0,25950,10482,0,0,0,0,0,65537,0,0,0,0,11903,0,7368,0,0,0,1
3,39509,0,3909,0,0,0,0,0,0,0,37199,1161,3664,0,0,0,4228,0,25950,10482,0,0,0,0,0,65537,0,0,0,0,11903,0,7368,0,0,0,1
3,39509,0,3909,0,0,0,0,0,0,0,37199,1161,3664,0,0,0,4228,0,25950,10482,0,0,0,0,0,65537,0,0,0,0,11903,0,7368,0,0,0,1
3,39509,0,3909,0,0,0,0,0,0,0,37199,1161,3664,0,0,0,4228,0,25950,10482,0,0,0,0,0,65537,0,0,0,0,11903,0,7368,0,0,0,1
3,39509,0,3909,0,0,0,0,0,0,0,37199,1161,3664,0,0,0,4228,0,25950,10482,0,0,0,0,0,65537,0,0,0,0,11903,0,7368,0,0,0,1
3,39509,0,3909,0,0,0,0,0,0,0,37199,1161,3664,0,0,0,4228,0,25950,10482,0,0,0,0,0,65537,0,0,0,0,11903,0,7368,0,0,0,1
3,39509,0,3909,0,0,0,0,0,0,0,37199,1161,3664,0,0,0,4228,0,25950,10482,0,0,0,0,0,65537,0,0,0,0,11903,0,7368,0,0,0,1
3,39509,0,3909,0,0,0,0,0,0,0,37199,1161,3664,0,0,0,4228,0,25950,10482,0,0,0,0,0,65537,0,0,0,0,11903,0,7368,0,0,0,1
3,39509,0,3909,0,0,0,0,0,0,0,37199,1161,3664,0,0,0,4228,0,25950,10482,0,0,0,0,0,65537,0,0,0,0,11903,0,7368,0,0,0,1
3,39509,0,3909,0,0,0,0,0,0,0,37199,1161,3664,0,0,0,4228,0,25950,10482,0,0,0,0,0,65537,0,0,0,0,11903,0,7368,0,0,0,1
3,39509,0,3909,0,0,0,0,0,0,0,37199,1161,3664,0,0,0,4228,0,25950,10482,0,0,0,0,0,65537,0,0,0,0,11903,0,7368,0,0,0,1
3,39509,0,3909,0,0,0,0,0,0,0,37199,1161,3664,0,0,0,4228,0,25950,10482,0,0,0,0,0,65537,0,0,0,0,11903,0,7368,0,0,0,1
3,39509,0,3909,0,0,0,0,0,0,0,37199,1161,3664,0,0,0,4228,0,25950,10482,0,0,0,0,0,65537,0,0,0,0,11903,0,7368,0,0,0,1
3,39509,0,3909,0,0,0,0,0,0,0,37199,1161,3664,0,0,0,4228,0,25950,10482,0,0,0,0,0,65537,0,0,0,0,11903,0,7368,0,0,0,1
